,commit,time,command,running_time
0,f27facbb16a3c8838c9721ffc3cfc5eebdaf32c5,0,sudo lrzip -z -L 8 -w 1 -N -20 -p 1,702.65
1,f27facbb16a3c8838c9721ffc3cfc5eebdaf32c5,0,sudo lrzip -z -L 8 -w 1 -N -20 -p 2,399.57
2,f27facbb16a3c8838c9721ffc3cfc5eebdaf32c5,0,sudo lrzip -z -L 8 -w 1 -N -20 -p 3,354.84
3,f27facbb16a3c8838c9721ffc3cfc5eebdaf32c5,0,sudo lrzip -z -L 8 -w 1 -N -20 -p 4,334.66
4,f27facbb16a3c8838c9721ffc3cfc5eebdaf32c5,0,sudo lrzip -z -L 8 -w 1 -N -12 -p 1,687.41
5,f27facbb16a3c8838c9721ffc3cfc5eebdaf32c5,0,sudo lrzip -z -L 8 -w 1 -N -12 -p 2,401.52
6,f27facbb16a3c8838c9721ffc3cfc5eebdaf32c5,0,sudo lrzip -z -L 8 -w 1 -N -12 -p 3,386.3
7,f27facbb16a3c8838c9721ffc3cfc5eebdaf32c5,0,sudo lrzip -z -L 8 -w 1 -N -12 -p 4,329.98
8,f27facbb16a3c8838c9721ffc3cfc5eebdaf32c5,0,sudo lrzip -z -L 8 -w 1 -N -4 -p 1,715.27
9,f27facbb16a3c8838c9721ffc3cfc5eebdaf32c5,0,sudo lrzip -z -L 8 -w 1 -N -4 -p 2,395.56
10,f27facbb16a3c8838c9721ffc3cfc5eebdaf32c5,0,sudo lrzip -z -L 8 -w 1 -N -4 -p 3,360.02
11,f27facbb16a3c8838c9721ffc3cfc5eebdaf32c5,0,sudo lrzip -z -L 8 -w 1 -N -4 -p 4,322.58
12,f27facbb16a3c8838c9721ffc3cfc5eebdaf32c5,0,sudo lrzip -z -L 8 -w 1 -N 4 -p 1,689.48
13,f27facbb16a3c8838c9721ffc3cfc5eebdaf32c5,0,sudo lrzip -z -L 8 -w 1 -N 4 -p 2,390.93
14,f27facbb16a3c8838c9721ffc3cfc5eebdaf32c5,0,sudo lrzip -z -L 8 -w 1 -N 4 -p 3,358.57
15,f27facbb16a3c8838c9721ffc3cfc5eebdaf32c5,0,sudo lrzip -z -L 8 -w 1 -N 4 -p 4,320.13
16,f27facbb16a3c8838c9721ffc3cfc5eebdaf32c5,0,sudo lrzip -z -L 8 -w 1 -N 12 -p 1,688.73
17,f27facbb16a3c8838c9721ffc3cfc5eebdaf32c5,0,sudo lrzip -z -L 8 -w 1 -N 12 -p 2,396.98
18,f27facbb16a3c8838c9721ffc3cfc5eebdaf32c5,0,sudo lrzip -z -L 8 -w 1 -N 12 -p 3,349.71
19,f27facbb16a3c8838c9721ffc3cfc5eebdaf32c5,0,sudo lrzip -z -L 8 -w 1 -N 12 -p 4,322.62
20,f27facbb16a3c8838c9721ffc3cfc5eebdaf32c5,0,sudo lrzip -z -L 8 -w 21 -N -20 -p 1,797.37
21,f27facbb16a3c8838c9721ffc3cfc5eebdaf32c5,0,sudo lrzip -z -L 8 -w 21 -N -20 -p 2,438.01
22,f27facbb16a3c8838c9721ffc3cfc5eebdaf32c5,0,sudo lrzip -z -L 8 -w 21 -N -20 -p 3,379.86
23,f27facbb16a3c8838c9721ffc3cfc5eebdaf32c5,0,sudo lrzip -z -L 8 -w 21 -N -20 -p 4,349.87
24,f27facbb16a3c8838c9721ffc3cfc5eebdaf32c5,0,sudo lrzip -z -L 8 -w 21 -N -12 -p 1,804.7
25,f27facbb16a3c8838c9721ffc3cfc5eebdaf32c5,0,sudo lrzip -z -L 8 -w 21 -N -12 -p 2,443.0
26,f27facbb16a3c8838c9721ffc3cfc5eebdaf32c5,0,sudo lrzip -z -L 8 -w 21 -N -12 -p 3,371.13
27,f27facbb16a3c8838c9721ffc3cfc5eebdaf32c5,0,sudo lrzip -z -L 8 -w 21 -N -12 -p 4,354.23
28,f27facbb16a3c8838c9721ffc3cfc5eebdaf32c5,0,sudo lrzip -z -L 8 -w 21 -N -4 -p 1,796.01
29,f27facbb16a3c8838c9721ffc3cfc5eebdaf32c5,0,sudo lrzip -z -L 8 -w 21 -N -4 -p 2,449.05
30,f27facbb16a3c8838c9721ffc3cfc5eebdaf32c5,0,sudo lrzip -z -L 8 -w 21 -N -4 -p 3,374.2
31,f27facbb16a3c8838c9721ffc3cfc5eebdaf32c5,0,sudo lrzip -z -L 8 -w 21 -N -4 -p 4,349.71
32,f27facbb16a3c8838c9721ffc3cfc5eebdaf32c5,0,sudo lrzip -z -L 8 -w 21 -N 4 -p 1,794.55
33,f27facbb16a3c8838c9721ffc3cfc5eebdaf32c5,0,sudo lrzip -z -L 8 -w 21 -N 4 -p 2,439.33
34,f27facbb16a3c8838c9721ffc3cfc5eebdaf32c5,0,sudo lrzip -z -L 8 -w 21 -N 4 -p 3,375.44
35,f27facbb16a3c8838c9721ffc3cfc5eebdaf32c5,0,sudo lrzip -z -L 8 -w 21 -N 4 -p 4,350.06
36,f27facbb16a3c8838c9721ffc3cfc5eebdaf32c5,0,sudo lrzip -z -L 8 -w 21 -N 12 -p 1,795.08
37,f27facbb16a3c8838c9721ffc3cfc5eebdaf32c5,0,sudo lrzip -z -L 8 -w 21 -N 12 -p 2,444.69
38,f27facbb16a3c8838c9721ffc3cfc5eebdaf32c5,0,sudo lrzip -z -L 8 -w 21 -N 12 -p 3,377.09
39,f27facbb16a3c8838c9721ffc3cfc5eebdaf32c5,0,sudo lrzip -z -L 8 -w 21 -N 12 -p 4,354.15
40,f27facbb16a3c8838c9721ffc3cfc5eebdaf32c5,0,sudo lrzip -z -L 8 -w 41 -N -20 -p 1,794.29
41,f27facbb16a3c8838c9721ffc3cfc5eebdaf32c5,0,sudo lrzip -z -L 8 -w 41 -N -20 -p 2,445.86
42,f27facbb16a3c8838c9721ffc3cfc5eebdaf32c5,0,sudo lrzip -z -L 8 -w 41 -N -20 -p 3,371.68
43,f27facbb16a3c8838c9721ffc3cfc5eebdaf32c5,0,sudo lrzip -z -L 8 -w 41 -N -20 -p 4,351.19
44,f27facbb16a3c8838c9721ffc3cfc5eebdaf32c5,0,sudo lrzip -z -L 8 -w 41 -N -12 -p 1,793.61
45,f27facbb16a3c8838c9721ffc3cfc5eebdaf32c5,0,sudo lrzip -z -L 8 -w 41 -N -12 -p 2,443.72
46,f27facbb16a3c8838c9721ffc3cfc5eebdaf32c5,0,sudo lrzip -z -L 8 -w 41 -N -12 -p 3,377.94
47,f27facbb16a3c8838c9721ffc3cfc5eebdaf32c5,0,sudo lrzip -z -L 8 -w 41 -N -12 -p 4,353.13
48,f27facbb16a3c8838c9721ffc3cfc5eebdaf32c5,0,sudo lrzip -z -L 8 -w 41 -N -4 -p 1,803.56
49,f27facbb16a3c8838c9721ffc3cfc5eebdaf32c5,0,sudo lrzip -z -L 8 -w 41 -N -4 -p 2,457.79
50,f27facbb16a3c8838c9721ffc3cfc5eebdaf32c5,0,sudo lrzip -z -L 8 -w 41 -N -4 -p 3,370.98
51,f27facbb16a3c8838c9721ffc3cfc5eebdaf32c5,0,sudo lrzip -z -L 8 -w 41 -N -4 -p 4,353.62
52,f27facbb16a3c8838c9721ffc3cfc5eebdaf32c5,0,sudo lrzip -z -L 8 -w 41 -N 4 -p 1,794.7
53,f27facbb16a3c8838c9721ffc3cfc5eebdaf32c5,0,sudo lrzip -z -L 8 -w 41 -N 4 -p 2,443.92
54,f27facbb16a3c8838c9721ffc3cfc5eebdaf32c5,0,sudo lrzip -z -L 8 -w 41 -N 4 -p 3,376.02
55,f27facbb16a3c8838c9721ffc3cfc5eebdaf32c5,0,sudo lrzip -z -L 8 -w 41 -N 4 -p 4,349.34
56,f27facbb16a3c8838c9721ffc3cfc5eebdaf32c5,0,sudo lrzip -z -L 8 -w 41 -N 12 -p 1,798.03
57,f27facbb16a3c8838c9721ffc3cfc5eebdaf32c5,0,sudo lrzip -z -L 8 -w 41 -N 12 -p 2,450.41
58,f27facbb16a3c8838c9721ffc3cfc5eebdaf32c5,0,sudo lrzip -z -L 8 -w 41 -N 12 -p 3,381.23
59,f27facbb16a3c8838c9721ffc3cfc5eebdaf32c5,0,sudo lrzip -z -L 8 -w 41 -N 12 -p 4,349.86
60,f27facbb16a3c8838c9721ffc3cfc5eebdaf32c5,0,sudo lrzip -z -L 8 -w 61 -N -20 -p 1,798.71
61,f27facbb16a3c8838c9721ffc3cfc5eebdaf32c5,0,sudo lrzip -z -L 8 -w 61 -N -20 -p 2,444.03
62,f27facbb16a3c8838c9721ffc3cfc5eebdaf32c5,0,sudo lrzip -z -L 8 -w 61 -N -20 -p 3,368.65
63,f27facbb16a3c8838c9721ffc3cfc5eebdaf32c5,0,sudo lrzip -z -L 8 -w 61 -N -20 -p 4,351.42
64,f27facbb16a3c8838c9721ffc3cfc5eebdaf32c5,0,sudo lrzip -z -L 8 -w 61 -N -12 -p 1,803.83
65,f27facbb16a3c8838c9721ffc3cfc5eebdaf32c5,0,sudo lrzip -z -L 8 -w 61 -N -12 -p 2,441.91
66,f27facbb16a3c8838c9721ffc3cfc5eebdaf32c5,0,sudo lrzip -z -L 8 -w 61 -N -12 -p 3,368.7
67,f27facbb16a3c8838c9721ffc3cfc5eebdaf32c5,0,sudo lrzip -z -L 8 -w 61 -N -12 -p 4,356.89
68,f27facbb16a3c8838c9721ffc3cfc5eebdaf32c5,0,sudo lrzip -z -L 8 -w 61 -N -4 -p 1,797.83
69,f27facbb16a3c8838c9721ffc3cfc5eebdaf32c5,0,sudo lrzip -z -L 8 -w 61 -N -4 -p 2,451.46
70,f27facbb16a3c8838c9721ffc3cfc5eebdaf32c5,0,sudo lrzip -z -L 8 -w 61 -N -4 -p 3,378.76
71,f27facbb16a3c8838c9721ffc3cfc5eebdaf32c5,0,sudo lrzip -z -L 8 -w 61 -N -4 -p 4,352.38
72,f27facbb16a3c8838c9721ffc3cfc5eebdaf32c5,0,sudo lrzip -z -L 8 -w 61 -N 4 -p 1,800.51
73,f27facbb16a3c8838c9721ffc3cfc5eebdaf32c5,0,sudo lrzip -z -L 8 -w 61 -N 4 -p 2,444.79
74,f27facbb16a3c8838c9721ffc3cfc5eebdaf32c5,0,sudo lrzip -z -L 8 -w 61 -N 4 -p 3,371.03
75,f27facbb16a3c8838c9721ffc3cfc5eebdaf32c5,0,sudo lrzip -z -L 8 -w 61 -N 4 -p 4,354.68
76,f27facbb16a3c8838c9721ffc3cfc5eebdaf32c5,0,sudo lrzip -z -L 8 -w 61 -N 12 -p 1,796.79
77,f27facbb16a3c8838c9721ffc3cfc5eebdaf32c5,0,sudo lrzip -z -L 8 -w 61 -N 12 -p 2,439.61
78,f27facbb16a3c8838c9721ffc3cfc5eebdaf32c5,0,sudo lrzip -z -L 8 -w 61 -N 12 -p 3,373.61
79,f27facbb16a3c8838c9721ffc3cfc5eebdaf32c5,0,sudo lrzip -z -L 8 -w 61 -N 12 -p 4,357.19
80,f27facbb16a3c8838c9721ffc3cfc5eebdaf32c5,0,sudo lrzip -z -L 8 -w 81 -N -20 -p 1,796.91
81,f27facbb16a3c8838c9721ffc3cfc5eebdaf32c5,0,sudo lrzip -z -L 8 -w 81 -N -20 -p 2,438.71
82,f27facbb16a3c8838c9721ffc3cfc5eebdaf32c5,0,sudo lrzip -z -L 8 -w 81 -N -20 -p 3,382.4
83,f27facbb16a3c8838c9721ffc3cfc5eebdaf32c5,0,sudo lrzip -z -L 8 -w 81 -N -20 -p 4,351.96
84,f27facbb16a3c8838c9721ffc3cfc5eebdaf32c5,0,sudo lrzip -z -L 8 -w 81 -N -12 -p 1,798.76
85,f27facbb16a3c8838c9721ffc3cfc5eebdaf32c5,0,sudo lrzip -z -L 8 -w 81 -N -12 -p 2,442.85
86,f27facbb16a3c8838c9721ffc3cfc5eebdaf32c5,0,sudo lrzip -z -L 8 -w 81 -N -12 -p 3,373.59
87,f27facbb16a3c8838c9721ffc3cfc5eebdaf32c5,0,sudo lrzip -z -L 8 -w 81 -N -12 -p 4,354.52
88,f27facbb16a3c8838c9721ffc3cfc5eebdaf32c5,0,sudo lrzip -z -L 8 -w 81 -N -4 -p 1,804.34
89,f27facbb16a3c8838c9721ffc3cfc5eebdaf32c5,0,sudo lrzip -z -L 8 -w 81 -N -4 -p 2,452.41
90,f27facbb16a3c8838c9721ffc3cfc5eebdaf32c5,0,sudo lrzip -z -L 8 -w 81 -N -4 -p 3,375.05
91,f27facbb16a3c8838c9721ffc3cfc5eebdaf32c5,0,sudo lrzip -z -L 8 -w 81 -N -4 -p 4,353.19
92,f27facbb16a3c8838c9721ffc3cfc5eebdaf32c5,0,sudo lrzip -z -L 8 -w 81 -N 4 -p 1,803.65
93,f27facbb16a3c8838c9721ffc3cfc5eebdaf32c5,0,sudo lrzip -z -L 8 -w 81 -N 4 -p 2,444.1
94,f27facbb16a3c8838c9721ffc3cfc5eebdaf32c5,0,sudo lrzip -z -L 8 -w 81 -N 4 -p 3,381.27
95,f27facbb16a3c8838c9721ffc3cfc5eebdaf32c5,0,sudo lrzip -z -L 8 -w 81 -N 4 -p 4,356.95
96,f27facbb16a3c8838c9721ffc3cfc5eebdaf32c5,0,sudo lrzip -z -L 8 -w 81 -N 12 -p 1,798.07
97,f27facbb16a3c8838c9721ffc3cfc5eebdaf32c5,0,sudo lrzip -z -L 8 -w 81 -N 12 -p 2,444.25
98,f27facbb16a3c8838c9721ffc3cfc5eebdaf32c5,0,sudo lrzip -z -L 8 -w 81 -N 12 -p 3,387.17
99,f27facbb16a3c8838c9721ffc3cfc5eebdaf32c5,0,sudo lrzip -z -L 8 -w 81 -N 12 -p 4,353.24
100,f27facbb16a3c8838c9721ffc3cfc5eebdaf32c5,0,sudo lrzip -z -L 9 -w 1 -N -20 -p 1,693.72
101,f27facbb16a3c8838c9721ffc3cfc5eebdaf32c5,0,sudo lrzip -z -L 9 -w 1 -N -20 -p 2,393.19
102,f27facbb16a3c8838c9721ffc3cfc5eebdaf32c5,0,sudo lrzip -z -L 9 -w 1 -N -20 -p 3,349.33
103,f27facbb16a3c8838c9721ffc3cfc5eebdaf32c5,0,sudo lrzip -z -L 9 -w 1 -N -20 -p 4,318.41
104,f27facbb16a3c8838c9721ffc3cfc5eebdaf32c5,0,sudo lrzip -z -L 9 -w 1 -N -12 -p 1,691.03
105,f27facbb16a3c8838c9721ffc3cfc5eebdaf32c5,0,sudo lrzip -z -L 9 -w 1 -N -12 -p 2,395.61
106,f27facbb16a3c8838c9721ffc3cfc5eebdaf32c5,0,sudo lrzip -z -L 9 -w 1 -N -12 -p 3,350.03
107,f27facbb16a3c8838c9721ffc3cfc5eebdaf32c5,0,sudo lrzip -z -L 9 -w 1 -N -12 -p 4,327.42
108,f27facbb16a3c8838c9721ffc3cfc5eebdaf32c5,0,sudo lrzip -z -L 9 -w 1 -N -4 -p 1,696.59
109,f27facbb16a3c8838c9721ffc3cfc5eebdaf32c5,0,sudo lrzip -z -L 9 -w 1 -N -4 -p 2,416.98
110,f27facbb16a3c8838c9721ffc3cfc5eebdaf32c5,0,sudo lrzip -z -L 9 -w 1 -N -4 -p 3,358.21
111,f27facbb16a3c8838c9721ffc3cfc5eebdaf32c5,0,sudo lrzip -z -L 9 -w 1 -N -4 -p 4,333.43
112,f27facbb16a3c8838c9721ffc3cfc5eebdaf32c5,0,sudo lrzip -z -L 9 -w 1 -N 4 -p 1,692.39
113,f27facbb16a3c8838c9721ffc3cfc5eebdaf32c5,0,sudo lrzip -z -L 9 -w 1 -N 4 -p 2,399.76
114,f27facbb16a3c8838c9721ffc3cfc5eebdaf32c5,0,sudo lrzip -z -L 9 -w 1 -N 4 -p 3,353.62
115,f27facbb16a3c8838c9721ffc3cfc5eebdaf32c5,0,sudo lrzip -z -L 9 -w 1 -N 4 -p 4,326.14
116,f27facbb16a3c8838c9721ffc3cfc5eebdaf32c5,0,sudo lrzip -z -L 9 -w 1 -N 12 -p 1,694.66
117,f27facbb16a3c8838c9721ffc3cfc5eebdaf32c5,0,sudo lrzip -z -L 9 -w 1 -N 12 -p 2,392.7
118,f27facbb16a3c8838c9721ffc3cfc5eebdaf32c5,0,sudo lrzip -z -L 9 -w 1 -N 12 -p 3,351.75
119,f27facbb16a3c8838c9721ffc3cfc5eebdaf32c5,0,sudo lrzip -z -L 9 -w 1 -N 12 -p 4,331.52
120,f27facbb16a3c8838c9721ffc3cfc5eebdaf32c5,0,sudo lrzip -z -L 9 -w 21 -N -20 -p 1,804.88
121,f27facbb16a3c8838c9721ffc3cfc5eebdaf32c5,0,sudo lrzip -z -L 9 -w 21 -N -20 -p 2,448.54
122,f27facbb16a3c8838c9721ffc3cfc5eebdaf32c5,0,sudo lrzip -z -L 9 -w 21 -N -20 -p 3,377.83
123,f27facbb16a3c8838c9721ffc3cfc5eebdaf32c5,0,sudo lrzip -z -L 9 -w 21 -N -20 -p 4,355.09
124,f27facbb16a3c8838c9721ffc3cfc5eebdaf32c5,0,sudo lrzip -z -L 9 -w 21 -N -12 -p 1,805.19
125,f27facbb16a3c8838c9721ffc3cfc5eebdaf32c5,0,sudo lrzip -z -L 9 -w 21 -N -12 -p 2,447.14
126,f27facbb16a3c8838c9721ffc3cfc5eebdaf32c5,0,sudo lrzip -z -L 9 -w 21 -N -12 -p 3,375.56
127,f27facbb16a3c8838c9721ffc3cfc5eebdaf32c5,0,sudo lrzip -z -L 9 -w 21 -N -12 -p 4,350.83
128,f27facbb16a3c8838c9721ffc3cfc5eebdaf32c5,0,sudo lrzip -z -L 9 -w 21 -N -4 -p 1,798.84
129,f27facbb16a3c8838c9721ffc3cfc5eebdaf32c5,0,sudo lrzip -z -L 9 -w 21 -N -4 -p 2,447.71
130,f27facbb16a3c8838c9721ffc3cfc5eebdaf32c5,0,sudo lrzip -z -L 9 -w 21 -N -4 -p 3,378.59
131,f27facbb16a3c8838c9721ffc3cfc5eebdaf32c5,0,sudo lrzip -z -L 9 -w 21 -N -4 -p 4,356.27
132,f27facbb16a3c8838c9721ffc3cfc5eebdaf32c5,0,sudo lrzip -z -L 9 -w 21 -N 4 -p 1,800.75
133,f27facbb16a3c8838c9721ffc3cfc5eebdaf32c5,0,sudo lrzip -z -L 9 -w 21 -N 4 -p 2,446.44
134,f27facbb16a3c8838c9721ffc3cfc5eebdaf32c5,0,sudo lrzip -z -L 9 -w 21 -N 4 -p 3,382.8
135,f27facbb16a3c8838c9721ffc3cfc5eebdaf32c5,0,sudo lrzip -z -L 9 -w 21 -N 4 -p 4,352.6
136,f27facbb16a3c8838c9721ffc3cfc5eebdaf32c5,0,sudo lrzip -z -L 9 -w 21 -N 12 -p 1,802.68
137,f27facbb16a3c8838c9721ffc3cfc5eebdaf32c5,0,sudo lrzip -z -L 9 -w 21 -N 12 -p 2,444.43
138,f27facbb16a3c8838c9721ffc3cfc5eebdaf32c5,0,sudo lrzip -z -L 9 -w 21 -N 12 -p 3,373.43
139,f27facbb16a3c8838c9721ffc3cfc5eebdaf32c5,0,sudo lrzip -z -L 9 -w 21 -N 12 -p 4,353.11
140,f27facbb16a3c8838c9721ffc3cfc5eebdaf32c5,0,sudo lrzip -z -L 9 -w 41 -N -20 -p 1,803.24
141,f27facbb16a3c8838c9721ffc3cfc5eebdaf32c5,0,sudo lrzip -z -L 9 -w 41 -N -20 -p 2,442.78
142,f27facbb16a3c8838c9721ffc3cfc5eebdaf32c5,0,sudo lrzip -z -L 9 -w 41 -N -20 -p 3,377.88
143,f27facbb16a3c8838c9721ffc3cfc5eebdaf32c5,0,sudo lrzip -z -L 9 -w 41 -N -20 -p 4,352.82
144,f27facbb16a3c8838c9721ffc3cfc5eebdaf32c5,0,sudo lrzip -z -L 9 -w 41 -N -12 -p 1,802.46
145,f27facbb16a3c8838c9721ffc3cfc5eebdaf32c5,0,sudo lrzip -z -L 9 -w 41 -N -12 -p 2,438.98
146,f27facbb16a3c8838c9721ffc3cfc5eebdaf32c5,0,sudo lrzip -z -L 9 -w 41 -N -12 -p 3,377.46
147,f27facbb16a3c8838c9721ffc3cfc5eebdaf32c5,0,sudo lrzip -z -L 9 -w 41 -N -12 -p 4,356.13
148,f27facbb16a3c8838c9721ffc3cfc5eebdaf32c5,0,sudo lrzip -z -L 9 -w 41 -N -4 -p 1,800.76
149,f27facbb16a3c8838c9721ffc3cfc5eebdaf32c5,0,sudo lrzip -z -L 9 -w 41 -N -4 -p 2,444.12
150,f27facbb16a3c8838c9721ffc3cfc5eebdaf32c5,0,sudo lrzip -z -L 9 -w 41 -N -4 -p 3,372.16
151,f27facbb16a3c8838c9721ffc3cfc5eebdaf32c5,0,sudo lrzip -z -L 9 -w 41 -N -4 -p 4,351.35
152,f27facbb16a3c8838c9721ffc3cfc5eebdaf32c5,0,sudo lrzip -z -L 9 -w 41 -N 4 -p 1,800.83
153,f27facbb16a3c8838c9721ffc3cfc5eebdaf32c5,0,sudo lrzip -z -L 9 -w 41 -N 4 -p 2,447.07
154,f27facbb16a3c8838c9721ffc3cfc5eebdaf32c5,0,sudo lrzip -z -L 9 -w 41 -N 4 -p 3,370.91
155,f27facbb16a3c8838c9721ffc3cfc5eebdaf32c5,0,sudo lrzip -z -L 9 -w 41 -N 4 -p 4,351.44
156,f27facbb16a3c8838c9721ffc3cfc5eebdaf32c5,0,sudo lrzip -z -L 9 -w 41 -N 12 -p 1,802.72
157,f27facbb16a3c8838c9721ffc3cfc5eebdaf32c5,0,sudo lrzip -z -L 9 -w 41 -N 12 -p 2,447.99
158,f27facbb16a3c8838c9721ffc3cfc5eebdaf32c5,0,sudo lrzip -z -L 9 -w 41 -N 12 -p 3,382.28
159,f27facbb16a3c8838c9721ffc3cfc5eebdaf32c5,0,sudo lrzip -z -L 9 -w 41 -N 12 -p 4,353.44
160,f27facbb16a3c8838c9721ffc3cfc5eebdaf32c5,0,sudo lrzip -z -L 9 -w 61 -N -20 -p 1,799.68
161,f27facbb16a3c8838c9721ffc3cfc5eebdaf32c5,0,sudo lrzip -z -L 9 -w 61 -N -20 -p 2,447.28
162,f27facbb16a3c8838c9721ffc3cfc5eebdaf32c5,0,sudo lrzip -z -L 9 -w 61 -N -20 -p 3,373.85
163,f27facbb16a3c8838c9721ffc3cfc5eebdaf32c5,0,sudo lrzip -z -L 9 -w 61 -N -20 -p 4,351.99
164,f27facbb16a3c8838c9721ffc3cfc5eebdaf32c5,0,sudo lrzip -z -L 9 -w 61 -N -12 -p 1,799.95
165,f27facbb16a3c8838c9721ffc3cfc5eebdaf32c5,0,sudo lrzip -z -L 9 -w 61 -N -12 -p 2,446.79
166,f27facbb16a3c8838c9721ffc3cfc5eebdaf32c5,0,sudo lrzip -z -L 9 -w 61 -N -12 -p 3,370.99
167,f27facbb16a3c8838c9721ffc3cfc5eebdaf32c5,0,sudo lrzip -z -L 9 -w 61 -N -12 -p 4,354.08
168,f27facbb16a3c8838c9721ffc3cfc5eebdaf32c5,0,sudo lrzip -z -L 9 -w 61 -N -4 -p 1,796.0
169,f27facbb16a3c8838c9721ffc3cfc5eebdaf32c5,0,sudo lrzip -z -L 9 -w 61 -N -4 -p 2,442.64
170,f27facbb16a3c8838c9721ffc3cfc5eebdaf32c5,0,sudo lrzip -z -L 9 -w 61 -N -4 -p 3,376.23
171,f27facbb16a3c8838c9721ffc3cfc5eebdaf32c5,0,sudo lrzip -z -L 9 -w 61 -N -4 -p 4,354.49
172,f27facbb16a3c8838c9721ffc3cfc5eebdaf32c5,0,sudo lrzip -z -L 9 -w 61 -N 4 -p 1,794.67
173,f27facbb16a3c8838c9721ffc3cfc5eebdaf32c5,0,sudo lrzip -z -L 9 -w 61 -N 4 -p 2,456.57
174,f27facbb16a3c8838c9721ffc3cfc5eebdaf32c5,0,sudo lrzip -z -L 9 -w 61 -N 4 -p 3,385.72
175,f27facbb16a3c8838c9721ffc3cfc5eebdaf32c5,0,sudo lrzip -z -L 9 -w 61 -N 4 -p 4,370.99
176,f27facbb16a3c8838c9721ffc3cfc5eebdaf32c5,0,sudo lrzip -z -L 9 -w 61 -N 12 -p 1,871.21
177,f27facbb16a3c8838c9721ffc3cfc5eebdaf32c5,0,sudo lrzip -z -L 9 -w 61 -N 12 -p 2,477.04
178,f27facbb16a3c8838c9721ffc3cfc5eebdaf32c5,0,sudo lrzip -z -L 9 -w 61 -N 12 -p 3,399.49
179,f27facbb16a3c8838c9721ffc3cfc5eebdaf32c5,0,sudo lrzip -z -L 9 -w 61 -N 12 -p 4,380.85
180,f27facbb16a3c8838c9721ffc3cfc5eebdaf32c5,0,sudo lrzip -z -L 9 -w 81 -N -20 -p 1,858.08
181,f27facbb16a3c8838c9721ffc3cfc5eebdaf32c5,0,sudo lrzip -z -L 9 -w 81 -N -20 -p 2,480.34
182,f27facbb16a3c8838c9721ffc3cfc5eebdaf32c5,0,sudo lrzip -z -L 9 -w 81 -N -20 -p 3,403.02
183,f27facbb16a3c8838c9721ffc3cfc5eebdaf32c5,0,sudo lrzip -z -L 9 -w 81 -N -20 -p 4,376.29
184,f27facbb16a3c8838c9721ffc3cfc5eebdaf32c5,0,sudo lrzip -z -L 9 -w 81 -N -12 -p 1,868.53
185,f27facbb16a3c8838c9721ffc3cfc5eebdaf32c5,0,sudo lrzip -z -L 9 -w 81 -N -12 -p 2,485.37
186,f27facbb16a3c8838c9721ffc3cfc5eebdaf32c5,0,sudo lrzip -z -L 9 -w 81 -N -12 -p 3,422.23
187,f27facbb16a3c8838c9721ffc3cfc5eebdaf32c5,0,sudo lrzip -z -L 9 -w 81 -N -12 -p 4,380.74
188,f27facbb16a3c8838c9721ffc3cfc5eebdaf32c5,0,sudo lrzip -z -L 9 -w 81 -N -4 -p 1,864.61
189,f27facbb16a3c8838c9721ffc3cfc5eebdaf32c5,0,sudo lrzip -z -L 9 -w 81 -N -4 -p 2,483.33
190,f27facbb16a3c8838c9721ffc3cfc5eebdaf32c5,0,sudo lrzip -z -L 9 -w 81 -N -4 -p 3,402.55
191,f27facbb16a3c8838c9721ffc3cfc5eebdaf32c5,0,sudo lrzip -z -L 9 -w 81 -N -4 -p 4,378.58
192,f27facbb16a3c8838c9721ffc3cfc5eebdaf32c5,0,sudo lrzip -z -L 9 -w 81 -N 4 -p 1,875.93
193,f27facbb16a3c8838c9721ffc3cfc5eebdaf32c5,0,sudo lrzip -z -L 9 -w 81 -N 4 -p 2,495.52
194,f27facbb16a3c8838c9721ffc3cfc5eebdaf32c5,0,sudo lrzip -z -L 9 -w 81 -N 4 -p 3,410.36
195,f27facbb16a3c8838c9721ffc3cfc5eebdaf32c5,0,sudo lrzip -z -L 9 -w 81 -N 4 -p 4,387.4
196,f27facbb16a3c8838c9721ffc3cfc5eebdaf32c5,0,sudo lrzip -z -L 9 -w 81 -N 12 -p 1,875.93
197,f27facbb16a3c8838c9721ffc3cfc5eebdaf32c5,0,sudo lrzip -z -L 9 -w 81 -N 12 -p 2,488.37
198,f27facbb16a3c8838c9721ffc3cfc5eebdaf32c5,0,sudo lrzip -z -L 9 -w 81 -N 12 -p 3,409.73
199,f27facbb16a3c8838c9721ffc3cfc5eebdaf32c5,0,sudo lrzip -z -L 9 -w 81 -N 12 -p 4,386.62
200,f27facbb16a3c8838c9721ffc3cfc5eebdaf32c5,0,sudo lrzip -b -L 8 -w 1 -N -20 -p 1,26.05
201,f27facbb16a3c8838c9721ffc3cfc5eebdaf32c5,0,sudo lrzip -b -L 8 -w 1 -N -20 -p 2,23.38
202,f27facbb16a3c8838c9721ffc3cfc5eebdaf32c5,0,sudo lrzip -b -L 8 -w 1 -N -20 -p 3,22.74
203,f27facbb16a3c8838c9721ffc3cfc5eebdaf32c5,0,sudo lrzip -b -L 8 -w 1 -N -20 -p 4,20.22
204,f27facbb16a3c8838c9721ffc3cfc5eebdaf32c5,0,sudo lrzip -b -L 8 -w 1 -N -12 -p 1,26.36
205,f27facbb16a3c8838c9721ffc3cfc5eebdaf32c5,0,sudo lrzip -b -L 8 -w 1 -N -12 -p 2,21.3
206,f27facbb16a3c8838c9721ffc3cfc5eebdaf32c5,0,sudo lrzip -b -L 8 -w 1 -N -12 -p 3,20.81
207,f27facbb16a3c8838c9721ffc3cfc5eebdaf32c5,0,sudo lrzip -b -L 8 -w 1 -N -12 -p 4,20.17
208,f27facbb16a3c8838c9721ffc3cfc5eebdaf32c5,0,sudo lrzip -b -L 8 -w 1 -N -4 -p 1,25.94
209,f27facbb16a3c8838c9721ffc3cfc5eebdaf32c5,0,sudo lrzip -b -L 8 -w 1 -N -4 -p 2,21.39
210,f27facbb16a3c8838c9721ffc3cfc5eebdaf32c5,0,sudo lrzip -b -L 8 -w 1 -N -4 -p 3,21.5
211,f27facbb16a3c8838c9721ffc3cfc5eebdaf32c5,0,sudo lrzip -b -L 8 -w 1 -N -4 -p 4,20.01
212,f27facbb16a3c8838c9721ffc3cfc5eebdaf32c5,0,sudo lrzip -b -L 8 -w 1 -N 4 -p 1,26.51
213,f27facbb16a3c8838c9721ffc3cfc5eebdaf32c5,0,sudo lrzip -b -L 8 -w 1 -N 4 -p 2,20.68
214,f27facbb16a3c8838c9721ffc3cfc5eebdaf32c5,0,sudo lrzip -b -L 8 -w 1 -N 4 -p 3,20.9
215,f27facbb16a3c8838c9721ffc3cfc5eebdaf32c5,0,sudo lrzip -b -L 8 -w 1 -N 4 -p 4,19.89
216,f27facbb16a3c8838c9721ffc3cfc5eebdaf32c5,0,sudo lrzip -b -L 8 -w 1 -N 12 -p 1,26.68
217,f27facbb16a3c8838c9721ffc3cfc5eebdaf32c5,0,sudo lrzip -b -L 8 -w 1 -N 12 -p 2,21.05
218,f27facbb16a3c8838c9721ffc3cfc5eebdaf32c5,0,sudo lrzip -b -L 8 -w 1 -N 12 -p 3,21.0
219,f27facbb16a3c8838c9721ffc3cfc5eebdaf32c5,0,sudo lrzip -b -L 8 -w 1 -N 12 -p 4,19.8
220,f27facbb16a3c8838c9721ffc3cfc5eebdaf32c5,0,sudo lrzip -b -L 8 -w 21 -N -20 -p 1,33.91
221,f27facbb16a3c8838c9721ffc3cfc5eebdaf32c5,0,sudo lrzip -b -L 8 -w 21 -N -20 -p 2,19.8
222,f27facbb16a3c8838c9721ffc3cfc5eebdaf32c5,0,sudo lrzip -b -L 8 -w 21 -N -20 -p 3,19.17
223,f27facbb16a3c8838c9721ffc3cfc5eebdaf32c5,0,sudo lrzip -b -L 8 -w 21 -N -20 -p 4,16.63
224,f27facbb16a3c8838c9721ffc3cfc5eebdaf32c5,0,sudo lrzip -b -L 8 -w 21 -N -12 -p 1,33.78
225,f27facbb16a3c8838c9721ffc3cfc5eebdaf32c5,0,sudo lrzip -b -L 8 -w 21 -N -12 -p 2,19.83
226,f27facbb16a3c8838c9721ffc3cfc5eebdaf32c5,0,sudo lrzip -b -L 8 -w 21 -N -12 -p 3,18.48
227,f27facbb16a3c8838c9721ffc3cfc5eebdaf32c5,0,sudo lrzip -b -L 8 -w 21 -N -12 -p 4,16.57
228,f27facbb16a3c8838c9721ffc3cfc5eebdaf32c5,0,sudo lrzip -b -L 8 -w 21 -N -4 -p 1,32.9
229,f27facbb16a3c8838c9721ffc3cfc5eebdaf32c5,0,sudo lrzip -b -L 8 -w 21 -N -4 -p 2,19.64
230,f27facbb16a3c8838c9721ffc3cfc5eebdaf32c5,0,sudo lrzip -b -L 8 -w 21 -N -4 -p 3,18.5
231,f27facbb16a3c8838c9721ffc3cfc5eebdaf32c5,0,sudo lrzip -b -L 8 -w 21 -N -4 -p 4,16.7
232,f27facbb16a3c8838c9721ffc3cfc5eebdaf32c5,0,sudo lrzip -b -L 8 -w 21 -N 4 -p 1,33.1
233,f27facbb16a3c8838c9721ffc3cfc5eebdaf32c5,0,sudo lrzip -b -L 8 -w 21 -N 4 -p 2,20.89
234,f27facbb16a3c8838c9721ffc3cfc5eebdaf32c5,0,sudo lrzip -b -L 8 -w 21 -N 4 -p 3,18.81
235,f27facbb16a3c8838c9721ffc3cfc5eebdaf32c5,0,sudo lrzip -b -L 8 -w 21 -N 4 -p 4,16.38
236,f27facbb16a3c8838c9721ffc3cfc5eebdaf32c5,0,sudo lrzip -b -L 8 -w 21 -N 12 -p 1,33.0
237,f27facbb16a3c8838c9721ffc3cfc5eebdaf32c5,0,sudo lrzip -b -L 8 -w 21 -N 12 -p 2,19.36
238,f27facbb16a3c8838c9721ffc3cfc5eebdaf32c5,0,sudo lrzip -b -L 8 -w 21 -N 12 -p 3,18.12
239,f27facbb16a3c8838c9721ffc3cfc5eebdaf32c5,0,sudo lrzip -b -L 8 -w 21 -N 12 -p 4,16.72
240,f27facbb16a3c8838c9721ffc3cfc5eebdaf32c5,0,sudo lrzip -b -L 8 -w 41 -N -20 -p 1,33.1
241,f27facbb16a3c8838c9721ffc3cfc5eebdaf32c5,0,sudo lrzip -b -L 8 -w 41 -N -20 -p 2,19.27
242,f27facbb16a3c8838c9721ffc3cfc5eebdaf32c5,0,sudo lrzip -b -L 8 -w 41 -N -20 -p 3,17.69
243,f27facbb16a3c8838c9721ffc3cfc5eebdaf32c5,0,sudo lrzip -b -L 8 -w 41 -N -20 -p 4,16.61
244,f27facbb16a3c8838c9721ffc3cfc5eebdaf32c5,0,sudo lrzip -b -L 8 -w 41 -N -12 -p 1,32.94
245,f27facbb16a3c8838c9721ffc3cfc5eebdaf32c5,0,sudo lrzip -b -L 8 -w 41 -N -12 -p 2,19.51
246,f27facbb16a3c8838c9721ffc3cfc5eebdaf32c5,0,sudo lrzip -b -L 8 -w 41 -N -12 -p 3,18.69
247,f27facbb16a3c8838c9721ffc3cfc5eebdaf32c5,0,sudo lrzip -b -L 8 -w 41 -N -12 -p 4,16.78
248,f27facbb16a3c8838c9721ffc3cfc5eebdaf32c5,0,sudo lrzip -b -L 8 -w 41 -N -4 -p 1,33.1
249,f27facbb16a3c8838c9721ffc3cfc5eebdaf32c5,0,sudo lrzip -b -L 8 -w 41 -N -4 -p 2,19.61
250,f27facbb16a3c8838c9721ffc3cfc5eebdaf32c5,0,sudo lrzip -b -L 8 -w 41 -N -4 -p 3,17.91
251,f27facbb16a3c8838c9721ffc3cfc5eebdaf32c5,0,sudo lrzip -b -L 8 -w 41 -N -4 -p 4,17.04
252,f27facbb16a3c8838c9721ffc3cfc5eebdaf32c5,0,sudo lrzip -b -L 8 -w 41 -N 4 -p 1,33.12
253,f27facbb16a3c8838c9721ffc3cfc5eebdaf32c5,0,sudo lrzip -b -L 8 -w 41 -N 4 -p 2,19.78
254,f27facbb16a3c8838c9721ffc3cfc5eebdaf32c5,0,sudo lrzip -b -L 8 -w 41 -N 4 -p 3,17.08
255,f27facbb16a3c8838c9721ffc3cfc5eebdaf32c5,0,sudo lrzip -b -L 8 -w 41 -N 4 -p 4,16.02
256,f27facbb16a3c8838c9721ffc3cfc5eebdaf32c5,0,sudo lrzip -b -L 8 -w 41 -N 12 -p 1,33.09
257,f27facbb16a3c8838c9721ffc3cfc5eebdaf32c5,0,sudo lrzip -b -L 8 -w 41 -N 12 -p 2,19.34
258,f27facbb16a3c8838c9721ffc3cfc5eebdaf32c5,0,sudo lrzip -b -L 8 -w 41 -N 12 -p 3,18.77
259,f27facbb16a3c8838c9721ffc3cfc5eebdaf32c5,0,sudo lrzip -b -L 8 -w 41 -N 12 -p 4,16.2
260,f27facbb16a3c8838c9721ffc3cfc5eebdaf32c5,0,sudo lrzip -b -L 8 -w 61 -N -20 -p 1,33.14
261,f27facbb16a3c8838c9721ffc3cfc5eebdaf32c5,0,sudo lrzip -b -L 8 -w 61 -N -20 -p 2,19.64
262,f27facbb16a3c8838c9721ffc3cfc5eebdaf32c5,0,sudo lrzip -b -L 8 -w 61 -N -20 -p 3,19.01
263,f27facbb16a3c8838c9721ffc3cfc5eebdaf32c5,0,sudo lrzip -b -L 8 -w 61 -N -20 -p 4,16.97
264,f27facbb16a3c8838c9721ffc3cfc5eebdaf32c5,0,sudo lrzip -b -L 8 -w 61 -N -12 -p 1,33.19
265,f27facbb16a3c8838c9721ffc3cfc5eebdaf32c5,0,sudo lrzip -b -L 8 -w 61 -N -12 -p 2,19.73
266,f27facbb16a3c8838c9721ffc3cfc5eebdaf32c5,0,sudo lrzip -b -L 8 -w 61 -N -12 -p 3,18.61
267,f27facbb16a3c8838c9721ffc3cfc5eebdaf32c5,0,sudo lrzip -b -L 8 -w 61 -N -12 -p 4,16.84
268,f27facbb16a3c8838c9721ffc3cfc5eebdaf32c5,0,sudo lrzip -b -L 8 -w 61 -N -4 -p 1,33.05
269,f27facbb16a3c8838c9721ffc3cfc5eebdaf32c5,0,sudo lrzip -b -L 8 -w 61 -N -4 -p 2,19.28
270,f27facbb16a3c8838c9721ffc3cfc5eebdaf32c5,0,sudo lrzip -b -L 8 -w 61 -N -4 -p 3,17.34
271,f27facbb16a3c8838c9721ffc3cfc5eebdaf32c5,0,sudo lrzip -b -L 8 -w 61 -N -4 -p 4,16.44
272,f27facbb16a3c8838c9721ffc3cfc5eebdaf32c5,0,sudo lrzip -b -L 8 -w 61 -N 4 -p 1,33.32
273,f27facbb16a3c8838c9721ffc3cfc5eebdaf32c5,0,sudo lrzip -b -L 8 -w 61 -N 4 -p 2,19.56
274,f27facbb16a3c8838c9721ffc3cfc5eebdaf32c5,0,sudo lrzip -b -L 8 -w 61 -N 4 -p 3,18.26
275,f27facbb16a3c8838c9721ffc3cfc5eebdaf32c5,0,sudo lrzip -b -L 8 -w 61 -N 4 -p 4,16.17
276,f27facbb16a3c8838c9721ffc3cfc5eebdaf32c5,0,sudo lrzip -b -L 8 -w 61 -N 12 -p 1,33.05
277,f27facbb16a3c8838c9721ffc3cfc5eebdaf32c5,0,sudo lrzip -b -L 8 -w 61 -N 12 -p 2,19.54
278,f27facbb16a3c8838c9721ffc3cfc5eebdaf32c5,0,sudo lrzip -b -L 8 -w 61 -N 12 -p 3,18.48
279,f27facbb16a3c8838c9721ffc3cfc5eebdaf32c5,0,sudo lrzip -b -L 8 -w 61 -N 12 -p 4,16.74
280,f27facbb16a3c8838c9721ffc3cfc5eebdaf32c5,0,sudo lrzip -b -L 8 -w 81 -N -20 -p 1,33.12
281,f27facbb16a3c8838c9721ffc3cfc5eebdaf32c5,0,sudo lrzip -b -L 8 -w 81 -N -20 -p 2,19.35
282,f27facbb16a3c8838c9721ffc3cfc5eebdaf32c5,0,sudo lrzip -b -L 8 -w 81 -N -20 -p 3,18.3
283,f27facbb16a3c8838c9721ffc3cfc5eebdaf32c5,0,sudo lrzip -b -L 8 -w 81 -N -20 -p 4,16.8
284,f27facbb16a3c8838c9721ffc3cfc5eebdaf32c5,0,sudo lrzip -b -L 8 -w 81 -N -12 -p 1,33.27
285,f27facbb16a3c8838c9721ffc3cfc5eebdaf32c5,0,sudo lrzip -b -L 8 -w 81 -N -12 -p 2,19.84
286,f27facbb16a3c8838c9721ffc3cfc5eebdaf32c5,0,sudo lrzip -b -L 8 -w 81 -N -12 -p 3,18.42
287,f27facbb16a3c8838c9721ffc3cfc5eebdaf32c5,0,sudo lrzip -b -L 8 -w 81 -N -12 -p 4,16.42
288,f27facbb16a3c8838c9721ffc3cfc5eebdaf32c5,0,sudo lrzip -b -L 8 -w 81 -N -4 -p 1,33.07
289,f27facbb16a3c8838c9721ffc3cfc5eebdaf32c5,0,sudo lrzip -b -L 8 -w 81 -N -4 -p 2,19.6
290,f27facbb16a3c8838c9721ffc3cfc5eebdaf32c5,0,sudo lrzip -b -L 8 -w 81 -N -4 -p 3,18.46
291,f27facbb16a3c8838c9721ffc3cfc5eebdaf32c5,0,sudo lrzip -b -L 8 -w 81 -N -4 -p 4,16.93
292,f27facbb16a3c8838c9721ffc3cfc5eebdaf32c5,0,sudo lrzip -b -L 8 -w 81 -N 4 -p 1,33.11
293,f27facbb16a3c8838c9721ffc3cfc5eebdaf32c5,0,sudo lrzip -b -L 8 -w 81 -N 4 -p 2,19.61
294,f27facbb16a3c8838c9721ffc3cfc5eebdaf32c5,0,sudo lrzip -b -L 8 -w 81 -N 4 -p 3,18.98
295,f27facbb16a3c8838c9721ffc3cfc5eebdaf32c5,0,sudo lrzip -b -L 8 -w 81 -N 4 -p 4,16.32
296,f27facbb16a3c8838c9721ffc3cfc5eebdaf32c5,0,sudo lrzip -b -L 8 -w 81 -N 12 -p 1,33.08
297,f27facbb16a3c8838c9721ffc3cfc5eebdaf32c5,0,sudo lrzip -b -L 8 -w 81 -N 12 -p 2,20.3
298,f27facbb16a3c8838c9721ffc3cfc5eebdaf32c5,0,sudo lrzip -b -L 8 -w 81 -N 12 -p 3,17.52
299,f27facbb16a3c8838c9721ffc3cfc5eebdaf32c5,0,sudo lrzip -b -L 8 -w 81 -N 12 -p 4,16.37
300,f27facbb16a3c8838c9721ffc3cfc5eebdaf32c5,0,sudo lrzip -b -L 9 -w 1 -N -20 -p 1,26.87
301,f27facbb16a3c8838c9721ffc3cfc5eebdaf32c5,0,sudo lrzip -b -L 9 -w 1 -N -20 -p 2,24.0
302,f27facbb16a3c8838c9721ffc3cfc5eebdaf32c5,0,sudo lrzip -b -L 9 -w 1 -N -20 -p 3,24.2
303,f27facbb16a3c8838c9721ffc3cfc5eebdaf32c5,0,sudo lrzip -b -L 9 -w 1 -N -20 -p 4,23.57
304,f27facbb16a3c8838c9721ffc3cfc5eebdaf32c5,0,sudo lrzip -b -L 9 -w 1 -N -12 -p 1,27.04
305,f27facbb16a3c8838c9721ffc3cfc5eebdaf32c5,0,sudo lrzip -b -L 9 -w 1 -N -12 -p 2,24.24
306,f27facbb16a3c8838c9721ffc3cfc5eebdaf32c5,0,sudo lrzip -b -L 9 -w 1 -N -12 -p 3,23.59
307,f27facbb16a3c8838c9721ffc3cfc5eebdaf32c5,0,sudo lrzip -b -L 9 -w 1 -N -12 -p 4,23.67
308,f27facbb16a3c8838c9721ffc3cfc5eebdaf32c5,0,sudo lrzip -b -L 9 -w 1 -N -4 -p 1,27.06
309,f27facbb16a3c8838c9721ffc3cfc5eebdaf32c5,0,sudo lrzip -b -L 9 -w 1 -N -4 -p 2,24.04
310,f27facbb16a3c8838c9721ffc3cfc5eebdaf32c5,0,sudo lrzip -b -L 9 -w 1 -N -4 -p 3,24.15
311,f27facbb16a3c8838c9721ffc3cfc5eebdaf32c5,0,sudo lrzip -b -L 9 -w 1 -N -4 -p 4,23.67
312,f27facbb16a3c8838c9721ffc3cfc5eebdaf32c5,0,sudo lrzip -b -L 9 -w 1 -N 4 -p 1,27.5
313,f27facbb16a3c8838c9721ffc3cfc5eebdaf32c5,0,sudo lrzip -b -L 9 -w 1 -N 4 -p 2,23.99
314,f27facbb16a3c8838c9721ffc3cfc5eebdaf32c5,0,sudo lrzip -b -L 9 -w 1 -N 4 -p 3,23.88
315,f27facbb16a3c8838c9721ffc3cfc5eebdaf32c5,0,sudo lrzip -b -L 9 -w 1 -N 4 -p 4,23.2
316,f27facbb16a3c8838c9721ffc3cfc5eebdaf32c5,0,sudo lrzip -b -L 9 -w 1 -N 12 -p 1,27.49
317,f27facbb16a3c8838c9721ffc3cfc5eebdaf32c5,0,sudo lrzip -b -L 9 -w 1 -N 12 -p 2,24.13
318,f27facbb16a3c8838c9721ffc3cfc5eebdaf32c5,0,sudo lrzip -b -L 9 -w 1 -N 12 -p 3,24.46
319,f27facbb16a3c8838c9721ffc3cfc5eebdaf32c5,0,sudo lrzip -b -L 9 -w 1 -N 12 -p 4,23.16
320,f27facbb16a3c8838c9721ffc3cfc5eebdaf32c5,0,sudo lrzip -b -L 9 -w 21 -N -20 -p 1,35.04
321,f27facbb16a3c8838c9721ffc3cfc5eebdaf32c5,0,sudo lrzip -b -L 9 -w 21 -N -20 -p 2,21.42
322,f27facbb16a3c8838c9721ffc3cfc5eebdaf32c5,0,sudo lrzip -b -L 9 -w 21 -N -20 -p 3,20.0
323,f27facbb16a3c8838c9721ffc3cfc5eebdaf32c5,0,sudo lrzip -b -L 9 -w 21 -N -20 -p 4,18.45
324,f27facbb16a3c8838c9721ffc3cfc5eebdaf32c5,0,sudo lrzip -b -L 9 -w 21 -N -12 -p 1,35.05
325,f27facbb16a3c8838c9721ffc3cfc5eebdaf32c5,0,sudo lrzip -b -L 9 -w 21 -N -12 -p 2,21.2
326,f27facbb16a3c8838c9721ffc3cfc5eebdaf32c5,0,sudo lrzip -b -L 9 -w 21 -N -12 -p 3,20.19
327,f27facbb16a3c8838c9721ffc3cfc5eebdaf32c5,0,sudo lrzip -b -L 9 -w 21 -N -12 -p 4,18.54
328,f27facbb16a3c8838c9721ffc3cfc5eebdaf32c5,0,sudo lrzip -b -L 9 -w 21 -N -4 -p 1,35.2
329,f27facbb16a3c8838c9721ffc3cfc5eebdaf32c5,0,sudo lrzip -b -L 9 -w 21 -N -4 -p 2,21.8
330,f27facbb16a3c8838c9721ffc3cfc5eebdaf32c5,0,sudo lrzip -b -L 9 -w 21 -N -4 -p 3,20.35
331,f27facbb16a3c8838c9721ffc3cfc5eebdaf32c5,0,sudo lrzip -b -L 9 -w 21 -N -4 -p 4,18.72
332,f27facbb16a3c8838c9721ffc3cfc5eebdaf32c5,0,sudo lrzip -b -L 9 -w 21 -N 4 -p 1,35.17
333,f27facbb16a3c8838c9721ffc3cfc5eebdaf32c5,0,sudo lrzip -b -L 9 -w 21 -N 4 -p 2,21.41
334,f27facbb16a3c8838c9721ffc3cfc5eebdaf32c5,0,sudo lrzip -b -L 9 -w 21 -N 4 -p 3,19.34
335,f27facbb16a3c8838c9721ffc3cfc5eebdaf32c5,0,sudo lrzip -b -L 9 -w 21 -N 4 -p 4,18.75
336,f27facbb16a3c8838c9721ffc3cfc5eebdaf32c5,0,sudo lrzip -b -L 9 -w 21 -N 12 -p 1,35.01
337,f27facbb16a3c8838c9721ffc3cfc5eebdaf32c5,0,sudo lrzip -b -L 9 -w 21 -N 12 -p 2,22.32
338,f27facbb16a3c8838c9721ffc3cfc5eebdaf32c5,0,sudo lrzip -b -L 9 -w 21 -N 12 -p 3,20.31
339,f27facbb16a3c8838c9721ffc3cfc5eebdaf32c5,0,sudo lrzip -b -L 9 -w 21 -N 12 -p 4,18.11
340,f27facbb16a3c8838c9721ffc3cfc5eebdaf32c5,0,sudo lrzip -b -L 9 -w 41 -N -20 -p 1,35.17
341,f27facbb16a3c8838c9721ffc3cfc5eebdaf32c5,0,sudo lrzip -b -L 9 -w 41 -N -20 -p 2,21.36
342,f27facbb16a3c8838c9721ffc3cfc5eebdaf32c5,0,sudo lrzip -b -L 9 -w 41 -N -20 -p 3,20.47
343,f27facbb16a3c8838c9721ffc3cfc5eebdaf32c5,0,sudo lrzip -b -L 9 -w 41 -N -20 -p 4,18.69
344,f27facbb16a3c8838c9721ffc3cfc5eebdaf32c5,0,sudo lrzip -b -L 9 -w 41 -N -12 -p 1,35.04
345,f27facbb16a3c8838c9721ffc3cfc5eebdaf32c5,0,sudo lrzip -b -L 9 -w 41 -N -12 -p 2,21.31
346,f27facbb16a3c8838c9721ffc3cfc5eebdaf32c5,0,sudo lrzip -b -L 9 -w 41 -N -12 -p 3,20.5
347,f27facbb16a3c8838c9721ffc3cfc5eebdaf32c5,0,sudo lrzip -b -L 9 -w 41 -N -12 -p 4,19.11
348,f27facbb16a3c8838c9721ffc3cfc5eebdaf32c5,0,sudo lrzip -b -L 9 -w 41 -N -4 -p 1,35.09
349,f27facbb16a3c8838c9721ffc3cfc5eebdaf32c5,0,sudo lrzip -b -L 9 -w 41 -N -4 -p 2,21.37
350,f27facbb16a3c8838c9721ffc3cfc5eebdaf32c5,0,sudo lrzip -b -L 9 -w 41 -N -4 -p 3,19.87
351,f27facbb16a3c8838c9721ffc3cfc5eebdaf32c5,0,sudo lrzip -b -L 9 -w 41 -N -4 -p 4,18.87
352,f27facbb16a3c8838c9721ffc3cfc5eebdaf32c5,0,sudo lrzip -b -L 9 -w 41 -N 4 -p 1,35.15
353,f27facbb16a3c8838c9721ffc3cfc5eebdaf32c5,0,sudo lrzip -b -L 9 -w 41 -N 4 -p 2,21.46
354,f27facbb16a3c8838c9721ffc3cfc5eebdaf32c5,0,sudo lrzip -b -L 9 -w 41 -N 4 -p 3,19.22
355,f27facbb16a3c8838c9721ffc3cfc5eebdaf32c5,0,sudo lrzip -b -L 9 -w 41 -N 4 -p 4,18.51
356,f27facbb16a3c8838c9721ffc3cfc5eebdaf32c5,0,sudo lrzip -b -L 9 -w 41 -N 12 -p 1,35.16
357,f27facbb16a3c8838c9721ffc3cfc5eebdaf32c5,0,sudo lrzip -b -L 9 -w 41 -N 12 -p 2,21.77
358,f27facbb16a3c8838c9721ffc3cfc5eebdaf32c5,0,sudo lrzip -b -L 9 -w 41 -N 12 -p 3,18.88
359,f27facbb16a3c8838c9721ffc3cfc5eebdaf32c5,0,sudo lrzip -b -L 9 -w 41 -N 12 -p 4,18.43
360,f27facbb16a3c8838c9721ffc3cfc5eebdaf32c5,0,sudo lrzip -b -L 9 -w 61 -N -20 -p 1,35.18
361,f27facbb16a3c8838c9721ffc3cfc5eebdaf32c5,0,sudo lrzip -b -L 9 -w 61 -N -20 -p 2,21.54
362,f27facbb16a3c8838c9721ffc3cfc5eebdaf32c5,0,sudo lrzip -b -L 9 -w 61 -N -20 -p 3,19.93
363,f27facbb16a3c8838c9721ffc3cfc5eebdaf32c5,0,sudo lrzip -b -L 9 -w 61 -N -20 -p 4,18.76
364,f27facbb16a3c8838c9721ffc3cfc5eebdaf32c5,0,sudo lrzip -b -L 9 -w 61 -N -12 -p 1,35.12
365,f27facbb16a3c8838c9721ffc3cfc5eebdaf32c5,0,sudo lrzip -b -L 9 -w 61 -N -12 -p 2,21.93
366,f27facbb16a3c8838c9721ffc3cfc5eebdaf32c5,0,sudo lrzip -b -L 9 -w 61 -N -12 -p 3,21.22
367,f27facbb16a3c8838c9721ffc3cfc5eebdaf32c5,0,sudo lrzip -b -L 9 -w 61 -N -12 -p 4,19.2
368,f27facbb16a3c8838c9721ffc3cfc5eebdaf32c5,0,sudo lrzip -b -L 9 -w 61 -N -4 -p 1,35.17
369,f27facbb16a3c8838c9721ffc3cfc5eebdaf32c5,0,sudo lrzip -b -L 9 -w 61 -N -4 -p 2,22.21
370,f27facbb16a3c8838c9721ffc3cfc5eebdaf32c5,0,sudo lrzip -b -L 9 -w 61 -N -4 -p 3,20.36
371,f27facbb16a3c8838c9721ffc3cfc5eebdaf32c5,0,sudo lrzip -b -L 9 -w 61 -N -4 -p 4,19.05
372,f27facbb16a3c8838c9721ffc3cfc5eebdaf32c5,0,sudo lrzip -b -L 9 -w 61 -N 4 -p 1,35.1
373,f27facbb16a3c8838c9721ffc3cfc5eebdaf32c5,0,sudo lrzip -b -L 9 -w 61 -N 4 -p 2,22.18
374,f27facbb16a3c8838c9721ffc3cfc5eebdaf32c5,0,sudo lrzip -b -L 9 -w 61 -N 4 -p 3,19.82
375,f27facbb16a3c8838c9721ffc3cfc5eebdaf32c5,0,sudo lrzip -b -L 9 -w 61 -N 4 -p 4,18.51
376,f27facbb16a3c8838c9721ffc3cfc5eebdaf32c5,0,sudo lrzip -b -L 9 -w 61 -N 12 -p 1,35.25
377,f27facbb16a3c8838c9721ffc3cfc5eebdaf32c5,0,sudo lrzip -b -L 9 -w 61 -N 12 -p 2,23.24
378,f27facbb16a3c8838c9721ffc3cfc5eebdaf32c5,0,sudo lrzip -b -L 9 -w 61 -N 12 -p 3,20.12
379,f27facbb16a3c8838c9721ffc3cfc5eebdaf32c5,0,sudo lrzip -b -L 9 -w 61 -N 12 -p 4,18.87
380,f27facbb16a3c8838c9721ffc3cfc5eebdaf32c5,0,sudo lrzip -b -L 9 -w 81 -N -20 -p 1,35.15
381,f27facbb16a3c8838c9721ffc3cfc5eebdaf32c5,0,sudo lrzip -b -L 9 -w 81 -N -20 -p 2,21.51
382,f27facbb16a3c8838c9721ffc3cfc5eebdaf32c5,0,sudo lrzip -b -L 9 -w 81 -N -20 -p 3,19.63
383,f27facbb16a3c8838c9721ffc3cfc5eebdaf32c5,0,sudo lrzip -b -L 9 -w 81 -N -20 -p 4,18.35
384,f27facbb16a3c8838c9721ffc3cfc5eebdaf32c5,0,sudo lrzip -b -L 9 -w 81 -N -12 -p 1,34.9
385,f27facbb16a3c8838c9721ffc3cfc5eebdaf32c5,0,sudo lrzip -b -L 9 -w 81 -N -12 -p 2,21.56
386,f27facbb16a3c8838c9721ffc3cfc5eebdaf32c5,0,sudo lrzip -b -L 9 -w 81 -N -12 -p 3,20.33
387,f27facbb16a3c8838c9721ffc3cfc5eebdaf32c5,0,sudo lrzip -b -L 9 -w 81 -N -12 -p 4,17.99
388,f27facbb16a3c8838c9721ffc3cfc5eebdaf32c5,0,sudo lrzip -b -L 9 -w 81 -N -4 -p 1,35.12
389,f27facbb16a3c8838c9721ffc3cfc5eebdaf32c5,0,sudo lrzip -b -L 9 -w 81 -N -4 -p 2,22.99
390,f27facbb16a3c8838c9721ffc3cfc5eebdaf32c5,0,sudo lrzip -b -L 9 -w 81 -N -4 -p 3,19.6
391,f27facbb16a3c8838c9721ffc3cfc5eebdaf32c5,0,sudo lrzip -b -L 9 -w 81 -N -4 -p 4,18.88
392,f27facbb16a3c8838c9721ffc3cfc5eebdaf32c5,0,sudo lrzip -b -L 9 -w 81 -N 4 -p 1,35.18
393,f27facbb16a3c8838c9721ffc3cfc5eebdaf32c5,0,sudo lrzip -b -L 9 -w 81 -N 4 -p 2,23.48
394,f27facbb16a3c8838c9721ffc3cfc5eebdaf32c5,0,sudo lrzip -b -L 9 -w 81 -N 4 -p 3,19.23
395,f27facbb16a3c8838c9721ffc3cfc5eebdaf32c5,0,sudo lrzip -b -L 9 -w 81 -N 4 -p 4,18.74
396,f27facbb16a3c8838c9721ffc3cfc5eebdaf32c5,0,sudo lrzip -b -L 9 -w 81 -N 12 -p 1,35.1
397,f27facbb16a3c8838c9721ffc3cfc5eebdaf32c5,0,sudo lrzip -b -L 9 -w 81 -N 12 -p 2,21.79
398,f27facbb16a3c8838c9721ffc3cfc5eebdaf32c5,0,sudo lrzip -b -L 9 -w 81 -N 12 -p 3,20.91
399,f27facbb16a3c8838c9721ffc3cfc5eebdaf32c5,0,sudo lrzip -b -L 9 -w 81 -N 12 -p 4,18.38
400,f27facbb16a3c8838c9721ffc3cfc5eebdaf32c5,0,sudo lrzip -g -L 8 -w 1 -N -20 -p 1,23.99
401,f27facbb16a3c8838c9721ffc3cfc5eebdaf32c5,0,sudo lrzip -g -L 8 -w 1 -N -20 -p 2,19.3
402,f27facbb16a3c8838c9721ffc3cfc5eebdaf32c5,0,sudo lrzip -g -L 8 -w 1 -N -20 -p 3,18.91
403,f27facbb16a3c8838c9721ffc3cfc5eebdaf32c5,0,sudo lrzip -g -L 8 -w 1 -N -20 -p 4,18.89
404,f27facbb16a3c8838c9721ffc3cfc5eebdaf32c5,0,sudo lrzip -g -L 8 -w 1 -N -12 -p 1,23.94
405,f27facbb16a3c8838c9721ffc3cfc5eebdaf32c5,0,sudo lrzip -g -L 8 -w 1 -N -12 -p 2,19.18
406,f27facbb16a3c8838c9721ffc3cfc5eebdaf32c5,0,sudo lrzip -g -L 8 -w 1 -N -12 -p 3,18.6
407,f27facbb16a3c8838c9721ffc3cfc5eebdaf32c5,0,sudo lrzip -g -L 8 -w 1 -N -12 -p 4,18.77
408,f27facbb16a3c8838c9721ffc3cfc5eebdaf32c5,0,sudo lrzip -g -L 8 -w 1 -N -4 -p 1,23.98
409,f27facbb16a3c8838c9721ffc3cfc5eebdaf32c5,0,sudo lrzip -g -L 8 -w 1 -N -4 -p 2,19.28
410,f27facbb16a3c8838c9721ffc3cfc5eebdaf32c5,0,sudo lrzip -g -L 8 -w 1 -N -4 -p 3,18.67
411,f27facbb16a3c8838c9721ffc3cfc5eebdaf32c5,0,sudo lrzip -g -L 8 -w 1 -N -4 -p 4,18.24
412,f27facbb16a3c8838c9721ffc3cfc5eebdaf32c5,0,sudo lrzip -g -L 8 -w 1 -N 4 -p 1,24.0
413,f27facbb16a3c8838c9721ffc3cfc5eebdaf32c5,0,sudo lrzip -g -L 8 -w 1 -N 4 -p 2,19.27
414,f27facbb16a3c8838c9721ffc3cfc5eebdaf32c5,0,sudo lrzip -g -L 8 -w 1 -N 4 -p 3,18.66
415,f27facbb16a3c8838c9721ffc3cfc5eebdaf32c5,0,sudo lrzip -g -L 8 -w 1 -N 4 -p 4,18.33
416,f27facbb16a3c8838c9721ffc3cfc5eebdaf32c5,0,sudo lrzip -g -L 8 -w 1 -N 12 -p 1,24.1
417,f27facbb16a3c8838c9721ffc3cfc5eebdaf32c5,0,sudo lrzip -g -L 8 -w 1 -N 12 -p 2,19.32
418,f27facbb16a3c8838c9721ffc3cfc5eebdaf32c5,0,sudo lrzip -g -L 8 -w 1 -N 12 -p 3,18.9
419,f27facbb16a3c8838c9721ffc3cfc5eebdaf32c5,0,sudo lrzip -g -L 8 -w 1 -N 12 -p 4,18.41
420,f27facbb16a3c8838c9721ffc3cfc5eebdaf32c5,0,sudo lrzip -g -L 8 -w 21 -N -20 -p 1,27.47
421,f27facbb16a3c8838c9721ffc3cfc5eebdaf32c5,0,sudo lrzip -g -L 8 -w 21 -N -20 -p 2,16.44
422,f27facbb16a3c8838c9721ffc3cfc5eebdaf32c5,0,sudo lrzip -g -L 8 -w 21 -N -20 -p 3,15.04
423,f27facbb16a3c8838c9721ffc3cfc5eebdaf32c5,0,sudo lrzip -g -L 8 -w 21 -N -20 -p 4,14.14
424,f27facbb16a3c8838c9721ffc3cfc5eebdaf32c5,0,sudo lrzip -g -L 8 -w 21 -N -12 -p 1,27.5
425,f27facbb16a3c8838c9721ffc3cfc5eebdaf32c5,0,sudo lrzip -g -L 8 -w 21 -N -12 -p 2,16.31
426,f27facbb16a3c8838c9721ffc3cfc5eebdaf32c5,0,sudo lrzip -g -L 8 -w 21 -N -12 -p 3,14.47
427,f27facbb16a3c8838c9721ffc3cfc5eebdaf32c5,0,sudo lrzip -g -L 8 -w 21 -N -12 -p 4,13.97
428,f27facbb16a3c8838c9721ffc3cfc5eebdaf32c5,0,sudo lrzip -g -L 8 -w 21 -N -4 -p 1,27.45
429,f27facbb16a3c8838c9721ffc3cfc5eebdaf32c5,0,sudo lrzip -g -L 8 -w 21 -N -4 -p 2,16.06
430,f27facbb16a3c8838c9721ffc3cfc5eebdaf32c5,0,sudo lrzip -g -L 8 -w 21 -N -4 -p 3,14.82
431,f27facbb16a3c8838c9721ffc3cfc5eebdaf32c5,0,sudo lrzip -g -L 8 -w 21 -N -4 -p 4,13.77
432,f27facbb16a3c8838c9721ffc3cfc5eebdaf32c5,0,sudo lrzip -g -L 8 -w 21 -N 4 -p 1,27.43
433,f27facbb16a3c8838c9721ffc3cfc5eebdaf32c5,0,sudo lrzip -g -L 8 -w 21 -N 4 -p 2,16.93
434,f27facbb16a3c8838c9721ffc3cfc5eebdaf32c5,0,sudo lrzip -g -L 8 -w 21 -N 4 -p 3,14.61
435,f27facbb16a3c8838c9721ffc3cfc5eebdaf32c5,0,sudo lrzip -g -L 8 -w 21 -N 4 -p 4,13.8
436,f27facbb16a3c8838c9721ffc3cfc5eebdaf32c5,0,sudo lrzip -g -L 8 -w 21 -N 12 -p 1,27.52
437,f27facbb16a3c8838c9721ffc3cfc5eebdaf32c5,0,sudo lrzip -g -L 8 -w 21 -N 12 -p 2,16.39
438,f27facbb16a3c8838c9721ffc3cfc5eebdaf32c5,0,sudo lrzip -g -L 8 -w 21 -N 12 -p 3,14.38
439,f27facbb16a3c8838c9721ffc3cfc5eebdaf32c5,0,sudo lrzip -g -L 8 -w 21 -N 12 -p 4,13.97
440,f27facbb16a3c8838c9721ffc3cfc5eebdaf32c5,0,sudo lrzip -g -L 8 -w 41 -N -20 -p 1,27.37
441,f27facbb16a3c8838c9721ffc3cfc5eebdaf32c5,0,sudo lrzip -g -L 8 -w 41 -N -20 -p 2,16.56
442,f27facbb16a3c8838c9721ffc3cfc5eebdaf32c5,0,sudo lrzip -g -L 8 -w 41 -N -20 -p 3,14.31
443,f27facbb16a3c8838c9721ffc3cfc5eebdaf32c5,0,sudo lrzip -g -L 8 -w 41 -N -20 -p 4,13.85
444,f27facbb16a3c8838c9721ffc3cfc5eebdaf32c5,0,sudo lrzip -g -L 8 -w 41 -N -12 -p 1,27.47
445,f27facbb16a3c8838c9721ffc3cfc5eebdaf32c5,0,sudo lrzip -g -L 8 -w 41 -N -12 -p 2,16.45
446,f27facbb16a3c8838c9721ffc3cfc5eebdaf32c5,0,sudo lrzip -g -L 8 -w 41 -N -12 -p 3,14.38
447,f27facbb16a3c8838c9721ffc3cfc5eebdaf32c5,0,sudo lrzip -g -L 8 -w 41 -N -12 -p 4,13.83
448,f27facbb16a3c8838c9721ffc3cfc5eebdaf32c5,0,sudo lrzip -g -L 8 -w 41 -N -4 -p 1,27.5
449,f27facbb16a3c8838c9721ffc3cfc5eebdaf32c5,0,sudo lrzip -g -L 8 -w 41 -N -4 -p 2,16.94
450,f27facbb16a3c8838c9721ffc3cfc5eebdaf32c5,0,sudo lrzip -g -L 8 -w 41 -N -4 -p 3,14.44
451,f27facbb16a3c8838c9721ffc3cfc5eebdaf32c5,0,sudo lrzip -g -L 8 -w 41 -N -4 -p 4,13.97
452,f27facbb16a3c8838c9721ffc3cfc5eebdaf32c5,0,sudo lrzip -g -L 8 -w 41 -N 4 -p 1,27.46
453,f27facbb16a3c8838c9721ffc3cfc5eebdaf32c5,0,sudo lrzip -g -L 8 -w 41 -N 4 -p 2,15.93
454,f27facbb16a3c8838c9721ffc3cfc5eebdaf32c5,0,sudo lrzip -g -L 8 -w 41 -N 4 -p 3,14.21
455,f27facbb16a3c8838c9721ffc3cfc5eebdaf32c5,0,sudo lrzip -g -L 8 -w 41 -N 4 -p 4,13.72
456,f27facbb16a3c8838c9721ffc3cfc5eebdaf32c5,0,sudo lrzip -g -L 8 -w 41 -N 12 -p 1,27.48
457,f27facbb16a3c8838c9721ffc3cfc5eebdaf32c5,0,sudo lrzip -g -L 8 -w 41 -N 12 -p 2,15.75
458,f27facbb16a3c8838c9721ffc3cfc5eebdaf32c5,0,sudo lrzip -g -L 8 -w 41 -N 12 -p 3,14.72
459,f27facbb16a3c8838c9721ffc3cfc5eebdaf32c5,0,sudo lrzip -g -L 8 -w 41 -N 12 -p 4,14.12
460,f27facbb16a3c8838c9721ffc3cfc5eebdaf32c5,0,sudo lrzip -g -L 8 -w 61 -N -20 -p 1,27.57
461,f27facbb16a3c8838c9721ffc3cfc5eebdaf32c5,0,sudo lrzip -g -L 8 -w 61 -N -20 -p 2,16.42
462,f27facbb16a3c8838c9721ffc3cfc5eebdaf32c5,0,sudo lrzip -g -L 8 -w 61 -N -20 -p 3,14.35
463,f27facbb16a3c8838c9721ffc3cfc5eebdaf32c5,0,sudo lrzip -g -L 8 -w 61 -N -20 -p 4,13.86
464,f27facbb16a3c8838c9721ffc3cfc5eebdaf32c5,0,sudo lrzip -g -L 8 -w 61 -N -12 -p 1,27.5
465,f27facbb16a3c8838c9721ffc3cfc5eebdaf32c5,0,sudo lrzip -g -L 8 -w 61 -N -12 -p 2,16.93
466,f27facbb16a3c8838c9721ffc3cfc5eebdaf32c5,0,sudo lrzip -g -L 8 -w 61 -N -12 -p 3,14.48
467,f27facbb16a3c8838c9721ffc3cfc5eebdaf32c5,0,sudo lrzip -g -L 8 -w 61 -N -12 -p 4,13.85
468,f27facbb16a3c8838c9721ffc3cfc5eebdaf32c5,0,sudo lrzip -g -L 8 -w 61 -N -4 -p 1,27.52
469,f27facbb16a3c8838c9721ffc3cfc5eebdaf32c5,0,sudo lrzip -g -L 8 -w 61 -N -4 -p 2,16.19
470,f27facbb16a3c8838c9721ffc3cfc5eebdaf32c5,0,sudo lrzip -g -L 8 -w 61 -N -4 -p 3,14.33
471,f27facbb16a3c8838c9721ffc3cfc5eebdaf32c5,0,sudo lrzip -g -L 8 -w 61 -N -4 -p 4,13.94
472,f27facbb16a3c8838c9721ffc3cfc5eebdaf32c5,0,sudo lrzip -g -L 8 -w 61 -N 4 -p 1,27.5
473,f27facbb16a3c8838c9721ffc3cfc5eebdaf32c5,0,sudo lrzip -g -L 8 -w 61 -N 4 -p 2,16.24
474,f27facbb16a3c8838c9721ffc3cfc5eebdaf32c5,0,sudo lrzip -g -L 8 -w 61 -N 4 -p 3,14.21
475,f27facbb16a3c8838c9721ffc3cfc5eebdaf32c5,0,sudo lrzip -g -L 8 -w 61 -N 4 -p 4,14.14
476,f27facbb16a3c8838c9721ffc3cfc5eebdaf32c5,0,sudo lrzip -g -L 8 -w 61 -N 12 -p 1,27.44
477,f27facbb16a3c8838c9721ffc3cfc5eebdaf32c5,0,sudo lrzip -g -L 8 -w 61 -N 12 -p 2,16.5
478,f27facbb16a3c8838c9721ffc3cfc5eebdaf32c5,0,sudo lrzip -g -L 8 -w 61 -N 12 -p 3,14.12
479,f27facbb16a3c8838c9721ffc3cfc5eebdaf32c5,0,sudo lrzip -g -L 8 -w 61 -N 12 -p 4,13.85
480,f27facbb16a3c8838c9721ffc3cfc5eebdaf32c5,0,sudo lrzip -g -L 8 -w 81 -N -20 -p 1,27.55
481,f27facbb16a3c8838c9721ffc3cfc5eebdaf32c5,0,sudo lrzip -g -L 8 -w 81 -N -20 -p 2,17.2
482,f27facbb16a3c8838c9721ffc3cfc5eebdaf32c5,0,sudo lrzip -g -L 8 -w 81 -N -20 -p 3,14.23
483,f27facbb16a3c8838c9721ffc3cfc5eebdaf32c5,0,sudo lrzip -g -L 8 -w 81 -N -20 -p 4,14.0
484,f27facbb16a3c8838c9721ffc3cfc5eebdaf32c5,0,sudo lrzip -g -L 8 -w 81 -N -12 -p 1,27.45
485,f27facbb16a3c8838c9721ffc3cfc5eebdaf32c5,0,sudo lrzip -g -L 8 -w 81 -N -12 -p 2,16.7
486,f27facbb16a3c8838c9721ffc3cfc5eebdaf32c5,0,sudo lrzip -g -L 8 -w 81 -N -12 -p 3,14.88
487,f27facbb16a3c8838c9721ffc3cfc5eebdaf32c5,0,sudo lrzip -g -L 8 -w 81 -N -12 -p 4,14.05
488,f27facbb16a3c8838c9721ffc3cfc5eebdaf32c5,0,sudo lrzip -g -L 8 -w 81 -N -4 -p 1,27.47
489,f27facbb16a3c8838c9721ffc3cfc5eebdaf32c5,0,sudo lrzip -g -L 8 -w 81 -N -4 -p 2,16.3
490,f27facbb16a3c8838c9721ffc3cfc5eebdaf32c5,0,sudo lrzip -g -L 8 -w 81 -N -4 -p 3,14.94
491,f27facbb16a3c8838c9721ffc3cfc5eebdaf32c5,0,sudo lrzip -g -L 8 -w 81 -N -4 -p 4,13.83
492,f27facbb16a3c8838c9721ffc3cfc5eebdaf32c5,0,sudo lrzip -g -L 8 -w 81 -N 4 -p 1,27.42
493,f27facbb16a3c8838c9721ffc3cfc5eebdaf32c5,0,sudo lrzip -g -L 8 -w 81 -N 4 -p 2,16.11
494,f27facbb16a3c8838c9721ffc3cfc5eebdaf32c5,0,sudo lrzip -g -L 8 -w 81 -N 4 -p 3,14.31
495,f27facbb16a3c8838c9721ffc3cfc5eebdaf32c5,0,sudo lrzip -g -L 8 -w 81 -N 4 -p 4,13.77
496,f27facbb16a3c8838c9721ffc3cfc5eebdaf32c5,0,sudo lrzip -g -L 8 -w 81 -N 12 -p 1,27.45
497,f27facbb16a3c8838c9721ffc3cfc5eebdaf32c5,0,sudo lrzip -g -L 8 -w 81 -N 12 -p 2,16.1
498,f27facbb16a3c8838c9721ffc3cfc5eebdaf32c5,0,sudo lrzip -g -L 8 -w 81 -N 12 -p 3,14.17
499,f27facbb16a3c8838c9721ffc3cfc5eebdaf32c5,0,sudo lrzip -g -L 8 -w 81 -N 12 -p 4,13.73
500,f27facbb16a3c8838c9721ffc3cfc5eebdaf32c5,0,sudo lrzip -g -L 9 -w 1 -N -20 -p 1,30.12
501,f27facbb16a3c8838c9721ffc3cfc5eebdaf32c5,0,sudo lrzip -g -L 9 -w 1 -N -20 -p 2,24.1
502,f27facbb16a3c8838c9721ffc3cfc5eebdaf32c5,0,sudo lrzip -g -L 9 -w 1 -N -20 -p 3,23.64
503,f27facbb16a3c8838c9721ffc3cfc5eebdaf32c5,0,sudo lrzip -g -L 9 -w 1 -N -20 -p 4,23.48
504,f27facbb16a3c8838c9721ffc3cfc5eebdaf32c5,0,sudo lrzip -g -L 9 -w 1 -N -12 -p 1,30.1
505,f27facbb16a3c8838c9721ffc3cfc5eebdaf32c5,0,sudo lrzip -g -L 9 -w 1 -N -12 -p 2,24.47
506,f27facbb16a3c8838c9721ffc3cfc5eebdaf32c5,0,sudo lrzip -g -L 9 -w 1 -N -12 -p 3,23.17
507,f27facbb16a3c8838c9721ffc3cfc5eebdaf32c5,0,sudo lrzip -g -L 9 -w 1 -N -12 -p 4,23.46
508,f27facbb16a3c8838c9721ffc3cfc5eebdaf32c5,0,sudo lrzip -g -L 9 -w 1 -N -4 -p 1,30.12
509,f27facbb16a3c8838c9721ffc3cfc5eebdaf32c5,0,sudo lrzip -g -L 9 -w 1 -N -4 -p 2,24.22
510,f27facbb16a3c8838c9721ffc3cfc5eebdaf32c5,0,sudo lrzip -g -L 9 -w 1 -N -4 -p 3,22.91
511,f27facbb16a3c8838c9721ffc3cfc5eebdaf32c5,0,sudo lrzip -g -L 9 -w 1 -N -4 -p 4,23.24
512,f27facbb16a3c8838c9721ffc3cfc5eebdaf32c5,0,sudo lrzip -g -L 9 -w 1 -N 4 -p 1,30.38
513,f27facbb16a3c8838c9721ffc3cfc5eebdaf32c5,0,sudo lrzip -g -L 9 -w 1 -N 4 -p 2,24.31
514,f27facbb16a3c8838c9721ffc3cfc5eebdaf32c5,0,sudo lrzip -g -L 9 -w 1 -N 4 -p 3,22.97
515,f27facbb16a3c8838c9721ffc3cfc5eebdaf32c5,0,sudo lrzip -g -L 9 -w 1 -N 4 -p 4,22.86
516,f27facbb16a3c8838c9721ffc3cfc5eebdaf32c5,0,sudo lrzip -g -L 9 -w 1 -N 12 -p 1,30.38
517,f27facbb16a3c8838c9721ffc3cfc5eebdaf32c5,0,sudo lrzip -g -L 9 -w 1 -N 12 -p 2,23.91
518,f27facbb16a3c8838c9721ffc3cfc5eebdaf32c5,0,sudo lrzip -g -L 9 -w 1 -N 12 -p 3,23.13
519,f27facbb16a3c8838c9721ffc3cfc5eebdaf32c5,0,sudo lrzip -g -L 9 -w 1 -N 12 -p 4,22.92
520,f27facbb16a3c8838c9721ffc3cfc5eebdaf32c5,0,sudo lrzip -g -L 9 -w 21 -N -20 -p 1,33.06
521,f27facbb16a3c8838c9721ffc3cfc5eebdaf32c5,0,sudo lrzip -g -L 9 -w 21 -N -20 -p 2,19.63
522,f27facbb16a3c8838c9721ffc3cfc5eebdaf32c5,0,sudo lrzip -g -L 9 -w 21 -N -20 -p 3,17.09
523,f27facbb16a3c8838c9721ffc3cfc5eebdaf32c5,0,sudo lrzip -g -L 9 -w 21 -N -20 -p 4,16.9
524,f27facbb16a3c8838c9721ffc3cfc5eebdaf32c5,0,sudo lrzip -g -L 9 -w 21 -N -12 -p 1,33.06
525,f27facbb16a3c8838c9721ffc3cfc5eebdaf32c5,0,sudo lrzip -g -L 9 -w 21 -N -12 -p 2,19.2
526,f27facbb16a3c8838c9721ffc3cfc5eebdaf32c5,0,sudo lrzip -g -L 9 -w 21 -N -12 -p 3,17.23
527,f27facbb16a3c8838c9721ffc3cfc5eebdaf32c5,0,sudo lrzip -g -L 9 -w 21 -N -12 -p 4,17.14
528,f27facbb16a3c8838c9721ffc3cfc5eebdaf32c5,0,sudo lrzip -g -L 9 -w 21 -N -4 -p 1,32.96
529,f27facbb16a3c8838c9721ffc3cfc5eebdaf32c5,0,sudo lrzip -g -L 9 -w 21 -N -4 -p 2,19.42
530,f27facbb16a3c8838c9721ffc3cfc5eebdaf32c5,0,sudo lrzip -g -L 9 -w 21 -N -4 -p 3,17.59
531,f27facbb16a3c8838c9721ffc3cfc5eebdaf32c5,0,sudo lrzip -g -L 9 -w 21 -N -4 -p 4,16.82
532,f27facbb16a3c8838c9721ffc3cfc5eebdaf32c5,0,sudo lrzip -g -L 9 -w 21 -N 4 -p 1,33.07
533,f27facbb16a3c8838c9721ffc3cfc5eebdaf32c5,0,sudo lrzip -g -L 9 -w 21 -N 4 -p 2,19.68
534,f27facbb16a3c8838c9721ffc3cfc5eebdaf32c5,0,sudo lrzip -g -L 9 -w 21 -N 4 -p 3,16.93
535,f27facbb16a3c8838c9721ffc3cfc5eebdaf32c5,0,sudo lrzip -g -L 9 -w 21 -N 4 -p 4,16.76
536,f27facbb16a3c8838c9721ffc3cfc5eebdaf32c5,0,sudo lrzip -g -L 9 -w 21 -N 12 -p 1,33.04
537,f27facbb16a3c8838c9721ffc3cfc5eebdaf32c5,0,sudo lrzip -g -L 9 -w 21 -N 12 -p 2,19.85
538,f27facbb16a3c8838c9721ffc3cfc5eebdaf32c5,0,sudo lrzip -g -L 9 -w 21 -N 12 -p 3,17.17
539,f27facbb16a3c8838c9721ffc3cfc5eebdaf32c5,0,sudo lrzip -g -L 9 -w 21 -N 12 -p 4,17.04
540,f27facbb16a3c8838c9721ffc3cfc5eebdaf32c5,0,sudo lrzip -g -L 9 -w 41 -N -20 -p 1,33.07
541,f27facbb16a3c8838c9721ffc3cfc5eebdaf32c5,0,sudo lrzip -g -L 9 -w 41 -N -20 -p 2,19.35
542,f27facbb16a3c8838c9721ffc3cfc5eebdaf32c5,0,sudo lrzip -g -L 9 -w 41 -N -20 -p 3,16.97
543,f27facbb16a3c8838c9721ffc3cfc5eebdaf32c5,0,sudo lrzip -g -L 9 -w 41 -N -20 -p 4,17.0
544,f27facbb16a3c8838c9721ffc3cfc5eebdaf32c5,0,sudo lrzip -g -L 9 -w 41 -N -12 -p 1,33.06
545,f27facbb16a3c8838c9721ffc3cfc5eebdaf32c5,0,sudo lrzip -g -L 9 -w 41 -N -12 -p 2,19.31
546,f27facbb16a3c8838c9721ffc3cfc5eebdaf32c5,0,sudo lrzip -g -L 9 -w 41 -N -12 -p 3,16.89
547,f27facbb16a3c8838c9721ffc3cfc5eebdaf32c5,0,sudo lrzip -g -L 9 -w 41 -N -12 -p 4,17.1
548,f27facbb16a3c8838c9721ffc3cfc5eebdaf32c5,0,sudo lrzip -g -L 9 -w 41 -N -4 -p 1,33.07
549,f27facbb16a3c8838c9721ffc3cfc5eebdaf32c5,0,sudo lrzip -g -L 9 -w 41 -N -4 -p 2,19.7
550,f27facbb16a3c8838c9721ffc3cfc5eebdaf32c5,0,sudo lrzip -g -L 9 -w 41 -N -4 -p 3,16.97
551,f27facbb16a3c8838c9721ffc3cfc5eebdaf32c5,0,sudo lrzip -g -L 9 -w 41 -N -4 -p 4,17.03
552,f27facbb16a3c8838c9721ffc3cfc5eebdaf32c5,0,sudo lrzip -g -L 9 -w 41 -N 4 -p 1,33.06
553,f27facbb16a3c8838c9721ffc3cfc5eebdaf32c5,0,sudo lrzip -g -L 9 -w 41 -N 4 -p 2,19.74
554,f27facbb16a3c8838c9721ffc3cfc5eebdaf32c5,0,sudo lrzip -g -L 9 -w 41 -N 4 -p 3,17.02
555,f27facbb16a3c8838c9721ffc3cfc5eebdaf32c5,0,sudo lrzip -g -L 9 -w 41 -N 4 -p 4,16.93
556,f27facbb16a3c8838c9721ffc3cfc5eebdaf32c5,0,sudo lrzip -g -L 9 -w 41 -N 12 -p 1,33.02
557,f27facbb16a3c8838c9721ffc3cfc5eebdaf32c5,0,sudo lrzip -g -L 9 -w 41 -N 12 -p 2,19.75
558,f27facbb16a3c8838c9721ffc3cfc5eebdaf32c5,0,sudo lrzip -g -L 9 -w 41 -N 12 -p 3,17.37
559,f27facbb16a3c8838c9721ffc3cfc5eebdaf32c5,0,sudo lrzip -g -L 9 -w 41 -N 12 -p 4,16.8
560,f27facbb16a3c8838c9721ffc3cfc5eebdaf32c5,0,sudo lrzip -g -L 9 -w 61 -N -20 -p 1,33.03
561,f27facbb16a3c8838c9721ffc3cfc5eebdaf32c5,0,sudo lrzip -g -L 9 -w 61 -N -20 -p 2,20.4
562,f27facbb16a3c8838c9721ffc3cfc5eebdaf32c5,0,sudo lrzip -g -L 9 -w 61 -N -20 -p 3,17.01
563,f27facbb16a3c8838c9721ffc3cfc5eebdaf32c5,0,sudo lrzip -g -L 9 -w 61 -N -20 -p 4,17.31
564,f27facbb16a3c8838c9721ffc3cfc5eebdaf32c5,0,sudo lrzip -g -L 9 -w 61 -N -12 -p 1,33.08
565,f27facbb16a3c8838c9721ffc3cfc5eebdaf32c5,0,sudo lrzip -g -L 9 -w 61 -N -12 -p 2,19.72
566,f27facbb16a3c8838c9721ffc3cfc5eebdaf32c5,0,sudo lrzip -g -L 9 -w 61 -N -12 -p 3,17.09
567,f27facbb16a3c8838c9721ffc3cfc5eebdaf32c5,0,sudo lrzip -g -L 9 -w 61 -N -12 -p 4,17.21
568,f27facbb16a3c8838c9721ffc3cfc5eebdaf32c5,0,sudo lrzip -g -L 9 -w 61 -N -4 -p 1,33.11
569,f27facbb16a3c8838c9721ffc3cfc5eebdaf32c5,0,sudo lrzip -g -L 9 -w 61 -N -4 -p 2,19.82
570,f27facbb16a3c8838c9721ffc3cfc5eebdaf32c5,0,sudo lrzip -g -L 9 -w 61 -N -4 -p 3,17.02
571,f27facbb16a3c8838c9721ffc3cfc5eebdaf32c5,0,sudo lrzip -g -L 9 -w 61 -N -4 -p 4,17.14
572,f27facbb16a3c8838c9721ffc3cfc5eebdaf32c5,0,sudo lrzip -g -L 9 -w 61 -N 4 -p 1,33.02
573,f27facbb16a3c8838c9721ffc3cfc5eebdaf32c5,0,sudo lrzip -g -L 9 -w 61 -N 4 -p 2,20.12
574,f27facbb16a3c8838c9721ffc3cfc5eebdaf32c5,0,sudo lrzip -g -L 9 -w 61 -N 4 -p 3,17.63
575,f27facbb16a3c8838c9721ffc3cfc5eebdaf32c5,0,sudo lrzip -g -L 9 -w 61 -N 4 -p 4,16.93
576,f27facbb16a3c8838c9721ffc3cfc5eebdaf32c5,0,sudo lrzip -g -L 9 -w 61 -N 12 -p 1,33.03
577,f27facbb16a3c8838c9721ffc3cfc5eebdaf32c5,0,sudo lrzip -g -L 9 -w 61 -N 12 -p 2,19.81
578,f27facbb16a3c8838c9721ffc3cfc5eebdaf32c5,0,sudo lrzip -g -L 9 -w 61 -N 12 -p 3,16.8
579,f27facbb16a3c8838c9721ffc3cfc5eebdaf32c5,0,sudo lrzip -g -L 9 -w 61 -N 12 -p 4,17.12
580,f27facbb16a3c8838c9721ffc3cfc5eebdaf32c5,0,sudo lrzip -g -L 9 -w 81 -N -20 -p 1,32.96
581,f27facbb16a3c8838c9721ffc3cfc5eebdaf32c5,0,sudo lrzip -g -L 9 -w 81 -N -20 -p 2,19.74
582,f27facbb16a3c8838c9721ffc3cfc5eebdaf32c5,0,sudo lrzip -g -L 9 -w 81 -N -20 -p 3,17.65
583,f27facbb16a3c8838c9721ffc3cfc5eebdaf32c5,0,sudo lrzip -g -L 9 -w 81 -N -20 -p 4,17.34
584,f27facbb16a3c8838c9721ffc3cfc5eebdaf32c5,0,sudo lrzip -g -L 9 -w 81 -N -12 -p 1,33.08
585,f27facbb16a3c8838c9721ffc3cfc5eebdaf32c5,0,sudo lrzip -g -L 9 -w 81 -N -12 -p 2,19.18
586,f27facbb16a3c8838c9721ffc3cfc5eebdaf32c5,0,sudo lrzip -g -L 9 -w 81 -N -12 -p 3,17.01
587,f27facbb16a3c8838c9721ffc3cfc5eebdaf32c5,0,sudo lrzip -g -L 9 -w 81 -N -12 -p 4,16.61
588,f27facbb16a3c8838c9721ffc3cfc5eebdaf32c5,0,sudo lrzip -g -L 9 -w 81 -N -4 -p 1,32.98
589,f27facbb16a3c8838c9721ffc3cfc5eebdaf32c5,0,sudo lrzip -g -L 9 -w 81 -N -4 -p 2,19.43
590,f27facbb16a3c8838c9721ffc3cfc5eebdaf32c5,0,sudo lrzip -g -L 9 -w 81 -N -4 -p 3,17.41
591,f27facbb16a3c8838c9721ffc3cfc5eebdaf32c5,0,sudo lrzip -g -L 9 -w 81 -N -4 -p 4,17.01
592,f27facbb16a3c8838c9721ffc3cfc5eebdaf32c5,0,sudo lrzip -g -L 9 -w 81 -N 4 -p 1,33.05
593,f27facbb16a3c8838c9721ffc3cfc5eebdaf32c5,0,sudo lrzip -g -L 9 -w 81 -N 4 -p 2,19.66
594,f27facbb16a3c8838c9721ffc3cfc5eebdaf32c5,0,sudo lrzip -g -L 9 -w 81 -N 4 -p 3,17.59
595,f27facbb16a3c8838c9721ffc3cfc5eebdaf32c5,0,sudo lrzip -g -L 9 -w 81 -N 4 -p 4,16.82
596,f27facbb16a3c8838c9721ffc3cfc5eebdaf32c5,0,sudo lrzip -g -L 9 -w 81 -N 12 -p 1,33.11
597,f27facbb16a3c8838c9721ffc3cfc5eebdaf32c5,0,sudo lrzip -g -L 9 -w 81 -N 12 -p 2,19.39
598,f27facbb16a3c8838c9721ffc3cfc5eebdaf32c5,0,sudo lrzip -g -L 9 -w 81 -N 12 -p 3,17.3
599,f27facbb16a3c8838c9721ffc3cfc5eebdaf32c5,0,sudo lrzip -g -L 9 -w 81 -N 12 -p 4,16.78
600,f27facbb16a3c8838c9721ffc3cfc5eebdaf32c5,0,sudo lrzip -n -L 8 -w 1 -N -20 -p 1,16.56
601,f27facbb16a3c8838c9721ffc3cfc5eebdaf32c5,0,sudo lrzip -n -L 8 -w 1 -N -20 -p 2,16.27
602,f27facbb16a3c8838c9721ffc3cfc5eebdaf32c5,0,sudo lrzip -n -L 8 -w 1 -N -20 -p 3,16.38
603,f27facbb16a3c8838c9721ffc3cfc5eebdaf32c5,0,sudo lrzip -n -L 8 -w 1 -N -20 -p 4,16.35
604,f27facbb16a3c8838c9721ffc3cfc5eebdaf32c5,0,sudo lrzip -n -L 8 -w 1 -N -12 -p 1,16.24
605,f27facbb16a3c8838c9721ffc3cfc5eebdaf32c5,0,sudo lrzip -n -L 8 -w 1 -N -12 -p 2,16.4
606,f27facbb16a3c8838c9721ffc3cfc5eebdaf32c5,0,sudo lrzip -n -L 8 -w 1 -N -12 -p 3,16.34
607,f27facbb16a3c8838c9721ffc3cfc5eebdaf32c5,0,sudo lrzip -n -L 8 -w 1 -N -12 -p 4,16.37
608,f27facbb16a3c8838c9721ffc3cfc5eebdaf32c5,0,sudo lrzip -n -L 8 -w 1 -N -4 -p 1,16.34
609,f27facbb16a3c8838c9721ffc3cfc5eebdaf32c5,0,sudo lrzip -n -L 8 -w 1 -N -4 -p 2,16.23
610,f27facbb16a3c8838c9721ffc3cfc5eebdaf32c5,0,sudo lrzip -n -L 8 -w 1 -N -4 -p 3,16.3
611,f27facbb16a3c8838c9721ffc3cfc5eebdaf32c5,0,sudo lrzip -n -L 8 -w 1 -N -4 -p 4,16.25
612,f27facbb16a3c8838c9721ffc3cfc5eebdaf32c5,0,sudo lrzip -n -L 8 -w 1 -N 4 -p 1,16.33
613,f27facbb16a3c8838c9721ffc3cfc5eebdaf32c5,0,sudo lrzip -n -L 8 -w 1 -N 4 -p 2,16.37
614,f27facbb16a3c8838c9721ffc3cfc5eebdaf32c5,0,sudo lrzip -n -L 8 -w 1 -N 4 -p 3,16.31
615,f27facbb16a3c8838c9721ffc3cfc5eebdaf32c5,0,sudo lrzip -n -L 8 -w 1 -N 4 -p 4,16.34
616,f27facbb16a3c8838c9721ffc3cfc5eebdaf32c5,0,sudo lrzip -n -L 8 -w 1 -N 12 -p 1,16.37
617,f27facbb16a3c8838c9721ffc3cfc5eebdaf32c5,0,sudo lrzip -n -L 8 -w 1 -N 12 -p 2,16.42
618,f27facbb16a3c8838c9721ffc3cfc5eebdaf32c5,0,sudo lrzip -n -L 8 -w 1 -N 12 -p 3,16.43
619,f27facbb16a3c8838c9721ffc3cfc5eebdaf32c5,0,sudo lrzip -n -L 8 -w 1 -N 12 -p 4,16.16
620,f27facbb16a3c8838c9721ffc3cfc5eebdaf32c5,0,sudo lrzip -n -L 8 -w 21 -N -20 -p 1,9.91
621,f27facbb16a3c8838c9721ffc3cfc5eebdaf32c5,0,sudo lrzip -n -L 8 -w 21 -N -20 -p 2,9.87
622,f27facbb16a3c8838c9721ffc3cfc5eebdaf32c5,0,sudo lrzip -n -L 8 -w 21 -N -20 -p 3,9.85
623,f27facbb16a3c8838c9721ffc3cfc5eebdaf32c5,0,sudo lrzip -n -L 8 -w 21 -N -20 -p 4,9.9
624,f27facbb16a3c8838c9721ffc3cfc5eebdaf32c5,0,sudo lrzip -n -L 8 -w 21 -N -12 -p 1,9.91
625,f27facbb16a3c8838c9721ffc3cfc5eebdaf32c5,0,sudo lrzip -n -L 8 -w 21 -N -12 -p 2,9.92
626,f27facbb16a3c8838c9721ffc3cfc5eebdaf32c5,0,sudo lrzip -n -L 8 -w 21 -N -12 -p 3,9.86
627,f27facbb16a3c8838c9721ffc3cfc5eebdaf32c5,0,sudo lrzip -n -L 8 -w 21 -N -12 -p 4,9.84
628,f27facbb16a3c8838c9721ffc3cfc5eebdaf32c5,0,sudo lrzip -n -L 8 -w 21 -N -4 -p 1,9.85
629,f27facbb16a3c8838c9721ffc3cfc5eebdaf32c5,0,sudo lrzip -n -L 8 -w 21 -N -4 -p 2,9.89
630,f27facbb16a3c8838c9721ffc3cfc5eebdaf32c5,0,sudo lrzip -n -L 8 -w 21 -N -4 -p 3,9.92
631,f27facbb16a3c8838c9721ffc3cfc5eebdaf32c5,0,sudo lrzip -n -L 8 -w 21 -N -4 -p 4,9.84
632,f27facbb16a3c8838c9721ffc3cfc5eebdaf32c5,0,sudo lrzip -n -L 8 -w 21 -N 4 -p 1,9.88
633,f27facbb16a3c8838c9721ffc3cfc5eebdaf32c5,0,sudo lrzip -n -L 8 -w 21 -N 4 -p 2,9.86
634,f27facbb16a3c8838c9721ffc3cfc5eebdaf32c5,0,sudo lrzip -n -L 8 -w 21 -N 4 -p 3,9.84
635,f27facbb16a3c8838c9721ffc3cfc5eebdaf32c5,0,sudo lrzip -n -L 8 -w 21 -N 4 -p 4,9.9
636,f27facbb16a3c8838c9721ffc3cfc5eebdaf32c5,0,sudo lrzip -n -L 8 -w 21 -N 12 -p 1,9.85
637,f27facbb16a3c8838c9721ffc3cfc5eebdaf32c5,0,sudo lrzip -n -L 8 -w 21 -N 12 -p 2,9.81
638,f27facbb16a3c8838c9721ffc3cfc5eebdaf32c5,0,sudo lrzip -n -L 8 -w 21 -N 12 -p 3,9.87
639,f27facbb16a3c8838c9721ffc3cfc5eebdaf32c5,0,sudo lrzip -n -L 8 -w 21 -N 12 -p 4,9.83
640,f27facbb16a3c8838c9721ffc3cfc5eebdaf32c5,0,sudo lrzip -n -L 8 -w 41 -N -20 -p 1,9.86
641,f27facbb16a3c8838c9721ffc3cfc5eebdaf32c5,0,sudo lrzip -n -L 8 -w 41 -N -20 -p 2,9.82
642,f27facbb16a3c8838c9721ffc3cfc5eebdaf32c5,0,sudo lrzip -n -L 8 -w 41 -N -20 -p 3,9.85
643,f27facbb16a3c8838c9721ffc3cfc5eebdaf32c5,0,sudo lrzip -n -L 8 -w 41 -N -20 -p 4,9.81
644,f27facbb16a3c8838c9721ffc3cfc5eebdaf32c5,0,sudo lrzip -n -L 8 -w 41 -N -12 -p 1,9.89
645,f27facbb16a3c8838c9721ffc3cfc5eebdaf32c5,0,sudo lrzip -n -L 8 -w 41 -N -12 -p 2,9.83
646,f27facbb16a3c8838c9721ffc3cfc5eebdaf32c5,0,sudo lrzip -n -L 8 -w 41 -N -12 -p 3,9.92
647,f27facbb16a3c8838c9721ffc3cfc5eebdaf32c5,0,sudo lrzip -n -L 8 -w 41 -N -12 -p 4,9.84
648,f27facbb16a3c8838c9721ffc3cfc5eebdaf32c5,0,sudo lrzip -n -L 8 -w 41 -N -4 -p 1,9.92
649,f27facbb16a3c8838c9721ffc3cfc5eebdaf32c5,0,sudo lrzip -n -L 8 -w 41 -N -4 -p 2,9.9
650,f27facbb16a3c8838c9721ffc3cfc5eebdaf32c5,0,sudo lrzip -n -L 8 -w 41 -N -4 -p 3,9.97
651,f27facbb16a3c8838c9721ffc3cfc5eebdaf32c5,0,sudo lrzip -n -L 8 -w 41 -N -4 -p 4,9.93
652,f27facbb16a3c8838c9721ffc3cfc5eebdaf32c5,0,sudo lrzip -n -L 8 -w 41 -N 4 -p 1,9.91
653,f27facbb16a3c8838c9721ffc3cfc5eebdaf32c5,0,sudo lrzip -n -L 8 -w 41 -N 4 -p 2,9.94
654,f27facbb16a3c8838c9721ffc3cfc5eebdaf32c5,0,sudo lrzip -n -L 8 -w 41 -N 4 -p 3,9.93
655,f27facbb16a3c8838c9721ffc3cfc5eebdaf32c5,0,sudo lrzip -n -L 8 -w 41 -N 4 -p 4,9.95
656,f27facbb16a3c8838c9721ffc3cfc5eebdaf32c5,0,sudo lrzip -n -L 8 -w 41 -N 12 -p 1,10.01
657,f27facbb16a3c8838c9721ffc3cfc5eebdaf32c5,0,sudo lrzip -n -L 8 -w 41 -N 12 -p 2,10.09
658,f27facbb16a3c8838c9721ffc3cfc5eebdaf32c5,0,sudo lrzip -n -L 8 -w 41 -N 12 -p 3,10.1
659,f27facbb16a3c8838c9721ffc3cfc5eebdaf32c5,0,sudo lrzip -n -L 8 -w 41 -N 12 -p 4,10.08
660,f27facbb16a3c8838c9721ffc3cfc5eebdaf32c5,0,sudo lrzip -n -L 8 -w 61 -N -20 -p 1,10.04
661,f27facbb16a3c8838c9721ffc3cfc5eebdaf32c5,0,sudo lrzip -n -L 8 -w 61 -N -20 -p 2,10.09
662,f27facbb16a3c8838c9721ffc3cfc5eebdaf32c5,0,sudo lrzip -n -L 8 -w 61 -N -20 -p 3,10.16
663,f27facbb16a3c8838c9721ffc3cfc5eebdaf32c5,0,sudo lrzip -n -L 8 -w 61 -N -20 -p 4,10.06
664,f27facbb16a3c8838c9721ffc3cfc5eebdaf32c5,0,sudo lrzip -n -L 8 -w 61 -N -12 -p 1,10.13
665,f27facbb16a3c8838c9721ffc3cfc5eebdaf32c5,0,sudo lrzip -n -L 8 -w 61 -N -12 -p 2,10.08
666,f27facbb16a3c8838c9721ffc3cfc5eebdaf32c5,0,sudo lrzip -n -L 8 -w 61 -N -12 -p 3,10.15
667,f27facbb16a3c8838c9721ffc3cfc5eebdaf32c5,0,sudo lrzip -n -L 8 -w 61 -N -12 -p 4,10.1
668,f27facbb16a3c8838c9721ffc3cfc5eebdaf32c5,0,sudo lrzip -n -L 8 -w 61 -N -4 -p 1,10.09
669,f27facbb16a3c8838c9721ffc3cfc5eebdaf32c5,0,sudo lrzip -n -L 8 -w 61 -N -4 -p 2,10.19
670,f27facbb16a3c8838c9721ffc3cfc5eebdaf32c5,0,sudo lrzip -n -L 8 -w 61 -N -4 -p 3,10.13
671,f27facbb16a3c8838c9721ffc3cfc5eebdaf32c5,0,sudo lrzip -n -L 8 -w 61 -N -4 -p 4,10.1
672,f27facbb16a3c8838c9721ffc3cfc5eebdaf32c5,0,sudo lrzip -n -L 8 -w 61 -N 4 -p 1,10.14
673,f27facbb16a3c8838c9721ffc3cfc5eebdaf32c5,0,sudo lrzip -n -L 8 -w 61 -N 4 -p 2,10.1
674,f27facbb16a3c8838c9721ffc3cfc5eebdaf32c5,0,sudo lrzip -n -L 8 -w 61 -N 4 -p 3,10.13
675,f27facbb16a3c8838c9721ffc3cfc5eebdaf32c5,0,sudo lrzip -n -L 8 -w 61 -N 4 -p 4,10.13
676,f27facbb16a3c8838c9721ffc3cfc5eebdaf32c5,0,sudo lrzip -n -L 8 -w 61 -N 12 -p 1,10.03
677,f27facbb16a3c8838c9721ffc3cfc5eebdaf32c5,0,sudo lrzip -n -L 8 -w 61 -N 12 -p 2,10.01
678,f27facbb16a3c8838c9721ffc3cfc5eebdaf32c5,0,sudo lrzip -n -L 8 -w 61 -N 12 -p 3,9.98
679,f27facbb16a3c8838c9721ffc3cfc5eebdaf32c5,0,sudo lrzip -n -L 8 -w 61 -N 12 -p 4,9.89
680,f27facbb16a3c8838c9721ffc3cfc5eebdaf32c5,0,sudo lrzip -n -L 8 -w 81 -N -20 -p 1,9.94
681,f27facbb16a3c8838c9721ffc3cfc5eebdaf32c5,0,sudo lrzip -n -L 8 -w 81 -N -20 -p 2,10.03
682,f27facbb16a3c8838c9721ffc3cfc5eebdaf32c5,0,sudo lrzip -n -L 8 -w 81 -N -20 -p 3,10.02
683,f27facbb16a3c8838c9721ffc3cfc5eebdaf32c5,0,sudo lrzip -n -L 8 -w 81 -N -20 -p 4,10.01
684,f27facbb16a3c8838c9721ffc3cfc5eebdaf32c5,0,sudo lrzip -n -L 8 -w 81 -N -12 -p 1,10.0
685,f27facbb16a3c8838c9721ffc3cfc5eebdaf32c5,0,sudo lrzip -n -L 8 -w 81 -N -12 -p 2,9.99
686,f27facbb16a3c8838c9721ffc3cfc5eebdaf32c5,0,sudo lrzip -n -L 8 -w 81 -N -12 -p 3,10.01
687,f27facbb16a3c8838c9721ffc3cfc5eebdaf32c5,0,sudo lrzip -n -L 8 -w 81 -N -12 -p 4,10.0
688,f27facbb16a3c8838c9721ffc3cfc5eebdaf32c5,0,sudo lrzip -n -L 8 -w 81 -N -4 -p 1,10.03
689,f27facbb16a3c8838c9721ffc3cfc5eebdaf32c5,0,sudo lrzip -n -L 8 -w 81 -N -4 -p 2,10.02
690,f27facbb16a3c8838c9721ffc3cfc5eebdaf32c5,0,sudo lrzip -n -L 8 -w 81 -N -4 -p 3,9.94
691,f27facbb16a3c8838c9721ffc3cfc5eebdaf32c5,0,sudo lrzip -n -L 8 -w 81 -N -4 -p 4,10.08
692,f27facbb16a3c8838c9721ffc3cfc5eebdaf32c5,0,sudo lrzip -n -L 8 -w 81 -N 4 -p 1,9.95
693,f27facbb16a3c8838c9721ffc3cfc5eebdaf32c5,0,sudo lrzip -n -L 8 -w 81 -N 4 -p 2,9.89
694,f27facbb16a3c8838c9721ffc3cfc5eebdaf32c5,0,sudo lrzip -n -L 8 -w 81 -N 4 -p 3,9.92
695,f27facbb16a3c8838c9721ffc3cfc5eebdaf32c5,0,sudo lrzip -n -L 8 -w 81 -N 4 -p 4,9.87
696,f27facbb16a3c8838c9721ffc3cfc5eebdaf32c5,0,sudo lrzip -n -L 8 -w 81 -N 12 -p 1,9.9
697,f27facbb16a3c8838c9721ffc3cfc5eebdaf32c5,0,sudo lrzip -n -L 8 -w 81 -N 12 -p 2,9.86
698,f27facbb16a3c8838c9721ffc3cfc5eebdaf32c5,0,sudo lrzip -n -L 8 -w 81 -N 12 -p 3,9.9
699,f27facbb16a3c8838c9721ffc3cfc5eebdaf32c5,0,sudo lrzip -n -L 8 -w 81 -N 12 -p 4,9.9
700,f27facbb16a3c8838c9721ffc3cfc5eebdaf32c5,0,sudo lrzip -n -L 9 -w 1 -N -20 -p 1,20.54
701,f27facbb16a3c8838c9721ffc3cfc5eebdaf32c5,0,sudo lrzip -n -L 9 -w 1 -N -20 -p 2,20.58
702,f27facbb16a3c8838c9721ffc3cfc5eebdaf32c5,0,sudo lrzip -n -L 9 -w 1 -N -20 -p 3,20.73
703,f27facbb16a3c8838c9721ffc3cfc5eebdaf32c5,0,sudo lrzip -n -L 9 -w 1 -N -20 -p 4,20.72
704,f27facbb16a3c8838c9721ffc3cfc5eebdaf32c5,0,sudo lrzip -n -L 9 -w 1 -N -12 -p 1,20.67
705,f27facbb16a3c8838c9721ffc3cfc5eebdaf32c5,0,sudo lrzip -n -L 9 -w 1 -N -12 -p 2,20.63
706,f27facbb16a3c8838c9721ffc3cfc5eebdaf32c5,0,sudo lrzip -n -L 9 -w 1 -N -12 -p 3,20.69
707,f27facbb16a3c8838c9721ffc3cfc5eebdaf32c5,0,sudo lrzip -n -L 9 -w 1 -N -12 -p 4,20.73
708,f27facbb16a3c8838c9721ffc3cfc5eebdaf32c5,0,sudo lrzip -n -L 9 -w 1 -N -4 -p 1,21.06
709,f27facbb16a3c8838c9721ffc3cfc5eebdaf32c5,0,sudo lrzip -n -L 9 -w 1 -N -4 -p 2,21.0
710,f27facbb16a3c8838c9721ffc3cfc5eebdaf32c5,0,sudo lrzip -n -L 9 -w 1 -N -4 -p 3,21.2
711,f27facbb16a3c8838c9721ffc3cfc5eebdaf32c5,0,sudo lrzip -n -L 9 -w 1 -N -4 -p 4,21.27
712,f27facbb16a3c8838c9721ffc3cfc5eebdaf32c5,0,sudo lrzip -n -L 9 -w 1 -N 4 -p 1,21.16
713,f27facbb16a3c8838c9721ffc3cfc5eebdaf32c5,0,sudo lrzip -n -L 9 -w 1 -N 4 -p 2,21.24
714,f27facbb16a3c8838c9721ffc3cfc5eebdaf32c5,0,sudo lrzip -n -L 9 -w 1 -N 4 -p 3,21.02
715,f27facbb16a3c8838c9721ffc3cfc5eebdaf32c5,0,sudo lrzip -n -L 9 -w 1 -N 4 -p 4,21.04
716,f27facbb16a3c8838c9721ffc3cfc5eebdaf32c5,0,sudo lrzip -n -L 9 -w 1 -N 12 -p 1,21.11
717,f27facbb16a3c8838c9721ffc3cfc5eebdaf32c5,0,sudo lrzip -n -L 9 -w 1 -N 12 -p 2,21.08
718,f27facbb16a3c8838c9721ffc3cfc5eebdaf32c5,0,sudo lrzip -n -L 9 -w 1 -N 12 -p 3,21.44
719,f27facbb16a3c8838c9721ffc3cfc5eebdaf32c5,0,sudo lrzip -n -L 9 -w 1 -N 12 -p 4,21.56
720,f27facbb16a3c8838c9721ffc3cfc5eebdaf32c5,0,sudo lrzip -n -L 9 -w 21 -N -20 -p 1,12.27
721,f27facbb16a3c8838c9721ffc3cfc5eebdaf32c5,0,sudo lrzip -n -L 9 -w 21 -N -20 -p 2,12.33
722,f27facbb16a3c8838c9721ffc3cfc5eebdaf32c5,0,sudo lrzip -n -L 9 -w 21 -N -20 -p 3,12.39
723,f27facbb16a3c8838c9721ffc3cfc5eebdaf32c5,0,sudo lrzip -n -L 9 -w 21 -N -20 -p 4,12.31
724,f27facbb16a3c8838c9721ffc3cfc5eebdaf32c5,0,sudo lrzip -n -L 9 -w 21 -N -12 -p 1,12.33
725,f27facbb16a3c8838c9721ffc3cfc5eebdaf32c5,0,sudo lrzip -n -L 9 -w 21 -N -12 -p 2,12.32
726,f27facbb16a3c8838c9721ffc3cfc5eebdaf32c5,0,sudo lrzip -n -L 9 -w 21 -N -12 -p 3,12.31
727,f27facbb16a3c8838c9721ffc3cfc5eebdaf32c5,0,sudo lrzip -n -L 9 -w 21 -N -12 -p 4,12.33
728,f27facbb16a3c8838c9721ffc3cfc5eebdaf32c5,0,sudo lrzip -n -L 9 -w 21 -N -4 -p 1,12.31
729,f27facbb16a3c8838c9721ffc3cfc5eebdaf32c5,0,sudo lrzip -n -L 9 -w 21 -N -4 -p 2,12.36
730,f27facbb16a3c8838c9721ffc3cfc5eebdaf32c5,0,sudo lrzip -n -L 9 -w 21 -N -4 -p 3,12.33
731,f27facbb16a3c8838c9721ffc3cfc5eebdaf32c5,0,sudo lrzip -n -L 9 -w 21 -N -4 -p 4,12.34
732,f27facbb16a3c8838c9721ffc3cfc5eebdaf32c5,0,sudo lrzip -n -L 9 -w 21 -N 4 -p 1,12.33
733,f27facbb16a3c8838c9721ffc3cfc5eebdaf32c5,0,sudo lrzip -n -L 9 -w 21 -N 4 -p 2,12.33
734,f27facbb16a3c8838c9721ffc3cfc5eebdaf32c5,0,sudo lrzip -n -L 9 -w 21 -N 4 -p 3,12.34
735,f27facbb16a3c8838c9721ffc3cfc5eebdaf32c5,0,sudo lrzip -n -L 9 -w 21 -N 4 -p 4,12.35
736,f27facbb16a3c8838c9721ffc3cfc5eebdaf32c5,0,sudo lrzip -n -L 9 -w 21 -N 12 -p 1,12.35
737,f27facbb16a3c8838c9721ffc3cfc5eebdaf32c5,0,sudo lrzip -n -L 9 -w 21 -N 12 -p 2,12.37
738,f27facbb16a3c8838c9721ffc3cfc5eebdaf32c5,0,sudo lrzip -n -L 9 -w 21 -N 12 -p 3,12.32
739,f27facbb16a3c8838c9721ffc3cfc5eebdaf32c5,0,sudo lrzip -n -L 9 -w 21 -N 12 -p 4,12.32
740,f27facbb16a3c8838c9721ffc3cfc5eebdaf32c5,0,sudo lrzip -n -L 9 -w 41 -N -20 -p 1,12.31
741,f27facbb16a3c8838c9721ffc3cfc5eebdaf32c5,0,sudo lrzip -n -L 9 -w 41 -N -20 -p 2,12.32
742,f27facbb16a3c8838c9721ffc3cfc5eebdaf32c5,0,sudo lrzip -n -L 9 -w 41 -N -20 -p 3,12.3
743,f27facbb16a3c8838c9721ffc3cfc5eebdaf32c5,0,sudo lrzip -n -L 9 -w 41 -N -20 -p 4,12.31
744,f27facbb16a3c8838c9721ffc3cfc5eebdaf32c5,0,sudo lrzip -n -L 9 -w 41 -N -12 -p 1,12.33
745,f27facbb16a3c8838c9721ffc3cfc5eebdaf32c5,0,sudo lrzip -n -L 9 -w 41 -N -12 -p 2,12.37
746,f27facbb16a3c8838c9721ffc3cfc5eebdaf32c5,0,sudo lrzip -n -L 9 -w 41 -N -12 -p 3,13.02
747,f27facbb16a3c8838c9721ffc3cfc5eebdaf32c5,0,sudo lrzip -n -L 9 -w 41 -N -12 -p 4,12.39
748,f27facbb16a3c8838c9721ffc3cfc5eebdaf32c5,0,sudo lrzip -n -L 9 -w 41 -N -4 -p 1,12.26
749,f27facbb16a3c8838c9721ffc3cfc5eebdaf32c5,0,sudo lrzip -n -L 9 -w 41 -N -4 -p 2,12.33
750,f27facbb16a3c8838c9721ffc3cfc5eebdaf32c5,0,sudo lrzip -n -L 9 -w 41 -N -4 -p 3,12.3
751,f27facbb16a3c8838c9721ffc3cfc5eebdaf32c5,0,sudo lrzip -n -L 9 -w 41 -N -4 -p 4,12.33
752,f27facbb16a3c8838c9721ffc3cfc5eebdaf32c5,0,sudo lrzip -n -L 9 -w 41 -N 4 -p 1,12.3
753,f27facbb16a3c8838c9721ffc3cfc5eebdaf32c5,0,sudo lrzip -n -L 9 -w 41 -N 4 -p 2,12.33
754,f27facbb16a3c8838c9721ffc3cfc5eebdaf32c5,0,sudo lrzip -n -L 9 -w 41 -N 4 -p 3,12.31
755,f27facbb16a3c8838c9721ffc3cfc5eebdaf32c5,0,sudo lrzip -n -L 9 -w 41 -N 4 -p 4,12.37
756,f27facbb16a3c8838c9721ffc3cfc5eebdaf32c5,0,sudo lrzip -n -L 9 -w 41 -N 12 -p 1,12.28
757,f27facbb16a3c8838c9721ffc3cfc5eebdaf32c5,0,sudo lrzip -n -L 9 -w 41 -N 12 -p 2,12.34
758,f27facbb16a3c8838c9721ffc3cfc5eebdaf32c5,0,sudo lrzip -n -L 9 -w 41 -N 12 -p 3,12.33
759,f27facbb16a3c8838c9721ffc3cfc5eebdaf32c5,0,sudo lrzip -n -L 9 -w 41 -N 12 -p 4,12.3
760,f27facbb16a3c8838c9721ffc3cfc5eebdaf32c5,0,sudo lrzip -n -L 9 -w 61 -N -20 -p 1,12.35
761,f27facbb16a3c8838c9721ffc3cfc5eebdaf32c5,0,sudo lrzip -n -L 9 -w 61 -N -20 -p 2,12.29
762,f27facbb16a3c8838c9721ffc3cfc5eebdaf32c5,0,sudo lrzip -n -L 9 -w 61 -N -20 -p 3,12.31
763,f27facbb16a3c8838c9721ffc3cfc5eebdaf32c5,0,sudo lrzip -n -L 9 -w 61 -N -20 -p 4,12.28
764,f27facbb16a3c8838c9721ffc3cfc5eebdaf32c5,0,sudo lrzip -n -L 9 -w 61 -N -12 -p 1,12.33
765,f27facbb16a3c8838c9721ffc3cfc5eebdaf32c5,0,sudo lrzip -n -L 9 -w 61 -N -12 -p 2,12.26
766,f27facbb16a3c8838c9721ffc3cfc5eebdaf32c5,0,sudo lrzip -n -L 9 -w 61 -N -12 -p 3,12.22
767,f27facbb16a3c8838c9721ffc3cfc5eebdaf32c5,0,sudo lrzip -n -L 9 -w 61 -N -12 -p 4,12.23
768,f27facbb16a3c8838c9721ffc3cfc5eebdaf32c5,0,sudo lrzip -n -L 9 -w 61 -N -4 -p 1,12.36
769,f27facbb16a3c8838c9721ffc3cfc5eebdaf32c5,0,sudo lrzip -n -L 9 -w 61 -N -4 -p 2,12.33
770,f27facbb16a3c8838c9721ffc3cfc5eebdaf32c5,0,sudo lrzip -n -L 9 -w 61 -N -4 -p 3,12.35
771,f27facbb16a3c8838c9721ffc3cfc5eebdaf32c5,0,sudo lrzip -n -L 9 -w 61 -N -4 -p 4,12.3
772,f27facbb16a3c8838c9721ffc3cfc5eebdaf32c5,0,sudo lrzip -n -L 9 -w 61 -N 4 -p 1,12.29
773,f27facbb16a3c8838c9721ffc3cfc5eebdaf32c5,0,sudo lrzip -n -L 9 -w 61 -N 4 -p 2,12.33
774,f27facbb16a3c8838c9721ffc3cfc5eebdaf32c5,0,sudo lrzip -n -L 9 -w 61 -N 4 -p 3,12.35
775,f27facbb16a3c8838c9721ffc3cfc5eebdaf32c5,0,sudo lrzip -n -L 9 -w 61 -N 4 -p 4,12.32
776,f27facbb16a3c8838c9721ffc3cfc5eebdaf32c5,0,sudo lrzip -n -L 9 -w 61 -N 12 -p 1,12.4
777,f27facbb16a3c8838c9721ffc3cfc5eebdaf32c5,0,sudo lrzip -n -L 9 -w 61 -N 12 -p 2,12.36
778,f27facbb16a3c8838c9721ffc3cfc5eebdaf32c5,0,sudo lrzip -n -L 9 -w 61 -N 12 -p 3,12.3
779,f27facbb16a3c8838c9721ffc3cfc5eebdaf32c5,0,sudo lrzip -n -L 9 -w 61 -N 12 -p 4,12.33
780,f27facbb16a3c8838c9721ffc3cfc5eebdaf32c5,0,sudo lrzip -n -L 9 -w 81 -N -20 -p 1,12.34
781,f27facbb16a3c8838c9721ffc3cfc5eebdaf32c5,0,sudo lrzip -n -L 9 -w 81 -N -20 -p 2,12.36
782,f27facbb16a3c8838c9721ffc3cfc5eebdaf32c5,0,sudo lrzip -n -L 9 -w 81 -N -20 -p 3,12.35
783,f27facbb16a3c8838c9721ffc3cfc5eebdaf32c5,0,sudo lrzip -n -L 9 -w 81 -N -20 -p 4,12.36
784,f27facbb16a3c8838c9721ffc3cfc5eebdaf32c5,0,sudo lrzip -n -L 9 -w 81 -N -12 -p 1,12.34
785,f27facbb16a3c8838c9721ffc3cfc5eebdaf32c5,0,sudo lrzip -n -L 9 -w 81 -N -12 -p 2,12.33
786,f27facbb16a3c8838c9721ffc3cfc5eebdaf32c5,0,sudo lrzip -n -L 9 -w 81 -N -12 -p 3,12.37
787,f27facbb16a3c8838c9721ffc3cfc5eebdaf32c5,0,sudo lrzip -n -L 9 -w 81 -N -12 -p 4,12.34
788,f27facbb16a3c8838c9721ffc3cfc5eebdaf32c5,0,sudo lrzip -n -L 9 -w 81 -N -4 -p 1,12.35
789,f27facbb16a3c8838c9721ffc3cfc5eebdaf32c5,0,sudo lrzip -n -L 9 -w 81 -N -4 -p 2,12.31
790,f27facbb16a3c8838c9721ffc3cfc5eebdaf32c5,0,sudo lrzip -n -L 9 -w 81 -N -4 -p 3,12.36
791,f27facbb16a3c8838c9721ffc3cfc5eebdaf32c5,0,sudo lrzip -n -L 9 -w 81 -N -4 -p 4,12.32
792,f27facbb16a3c8838c9721ffc3cfc5eebdaf32c5,0,sudo lrzip -n -L 9 -w 81 -N 4 -p 1,12.29
793,f27facbb16a3c8838c9721ffc3cfc5eebdaf32c5,0,sudo lrzip -n -L 9 -w 81 -N 4 -p 2,12.31
794,f27facbb16a3c8838c9721ffc3cfc5eebdaf32c5,0,sudo lrzip -n -L 9 -w 81 -N 4 -p 3,12.31
795,f27facbb16a3c8838c9721ffc3cfc5eebdaf32c5,0,sudo lrzip -n -L 9 -w 81 -N 4 -p 4,12.35
796,f27facbb16a3c8838c9721ffc3cfc5eebdaf32c5,0,sudo lrzip -n -L 9 -w 81 -N 12 -p 1,12.31
797,f27facbb16a3c8838c9721ffc3cfc5eebdaf32c5,0,sudo lrzip -n -L 9 -w 81 -N 12 -p 2,12.34
798,f27facbb16a3c8838c9721ffc3cfc5eebdaf32c5,0,sudo lrzip -n -L 9 -w 81 -N 12 -p 3,12.28
799,f27facbb16a3c8838c9721ffc3cfc5eebdaf32c5,0,sudo lrzip -n -L 9 -w 81 -N 12 -p 4,12.35
800,f27facbb16a3c8838c9721ffc3cfc5eebdaf32c5,0,sudo lrzip -l -L 8 -w 1 -N -20 -p 1,16.85
801,f27facbb16a3c8838c9721ffc3cfc5eebdaf32c5,0,sudo lrzip -l -L 8 -w 1 -N -20 -p 2,16.65
802,f27facbb16a3c8838c9721ffc3cfc5eebdaf32c5,0,sudo lrzip -l -L 8 -w 1 -N -20 -p 3,16.65
803,f27facbb16a3c8838c9721ffc3cfc5eebdaf32c5,0,sudo lrzip -l -L 8 -w 1 -N -20 -p 4,16.63
804,f27facbb16a3c8838c9721ffc3cfc5eebdaf32c5,0,sudo lrzip -l -L 8 -w 1 -N -12 -p 1,16.88
805,f27facbb16a3c8838c9721ffc3cfc5eebdaf32c5,0,sudo lrzip -l -L 8 -w 1 -N -12 -p 2,16.59
806,f27facbb16a3c8838c9721ffc3cfc5eebdaf32c5,0,sudo lrzip -l -L 8 -w 1 -N -12 -p 3,16.63
807,f27facbb16a3c8838c9721ffc3cfc5eebdaf32c5,0,sudo lrzip -l -L 8 -w 1 -N -12 -p 4,16.65
808,f27facbb16a3c8838c9721ffc3cfc5eebdaf32c5,0,sudo lrzip -l -L 8 -w 1 -N -4 -p 1,16.87
809,f27facbb16a3c8838c9721ffc3cfc5eebdaf32c5,0,sudo lrzip -l -L 8 -w 1 -N -4 -p 2,16.61
810,f27facbb16a3c8838c9721ffc3cfc5eebdaf32c5,0,sudo lrzip -l -L 8 -w 1 -N -4 -p 3,16.54
811,f27facbb16a3c8838c9721ffc3cfc5eebdaf32c5,0,sudo lrzip -l -L 8 -w 1 -N -4 -p 4,16.56
812,f27facbb16a3c8838c9721ffc3cfc5eebdaf32c5,0,sudo lrzip -l -L 8 -w 1 -N 4 -p 1,16.8
813,f27facbb16a3c8838c9721ffc3cfc5eebdaf32c5,0,sudo lrzip -l -L 8 -w 1 -N 4 -p 2,16.61
814,f27facbb16a3c8838c9721ffc3cfc5eebdaf32c5,0,sudo lrzip -l -L 8 -w 1 -N 4 -p 3,16.61
815,f27facbb16a3c8838c9721ffc3cfc5eebdaf32c5,0,sudo lrzip -l -L 8 -w 1 -N 4 -p 4,16.63
816,f27facbb16a3c8838c9721ffc3cfc5eebdaf32c5,0,sudo lrzip -l -L 8 -w 1 -N 12 -p 1,16.82
817,f27facbb16a3c8838c9721ffc3cfc5eebdaf32c5,0,sudo lrzip -l -L 8 -w 1 -N 12 -p 2,16.61
818,f27facbb16a3c8838c9721ffc3cfc5eebdaf32c5,0,sudo lrzip -l -L 8 -w 1 -N 12 -p 3,16.55
819,f27facbb16a3c8838c9721ffc3cfc5eebdaf32c5,0,sudo lrzip -l -L 8 -w 1 -N 12 -p 4,16.7
820,f27facbb16a3c8838c9721ffc3cfc5eebdaf32c5,0,sudo lrzip -l -L 8 -w 21 -N -20 -p 1,9.69
821,f27facbb16a3c8838c9721ffc3cfc5eebdaf32c5,0,sudo lrzip -l -L 8 -w 21 -N -20 -p 2,9.12
822,f27facbb16a3c8838c9721ffc3cfc5eebdaf32c5,0,sudo lrzip -l -L 8 -w 21 -N -20 -p 3,9.23
823,f27facbb16a3c8838c9721ffc3cfc5eebdaf32c5,0,sudo lrzip -l -L 8 -w 21 -N -20 -p 4,9.17
824,f27facbb16a3c8838c9721ffc3cfc5eebdaf32c5,0,sudo lrzip -l -L 8 -w 21 -N -12 -p 1,9.73
825,f27facbb16a3c8838c9721ffc3cfc5eebdaf32c5,0,sudo lrzip -l -L 8 -w 21 -N -12 -p 2,9.09
826,f27facbb16a3c8838c9721ffc3cfc5eebdaf32c5,0,sudo lrzip -l -L 8 -w 21 -N -12 -p 3,9.23
827,f27facbb16a3c8838c9721ffc3cfc5eebdaf32c5,0,sudo lrzip -l -L 8 -w 21 -N -12 -p 4,9.15
828,f27facbb16a3c8838c9721ffc3cfc5eebdaf32c5,0,sudo lrzip -l -L 8 -w 21 -N -4 -p 1,9.73
829,f27facbb16a3c8838c9721ffc3cfc5eebdaf32c5,0,sudo lrzip -l -L 8 -w 21 -N -4 -p 2,9.1
830,f27facbb16a3c8838c9721ffc3cfc5eebdaf32c5,0,sudo lrzip -l -L 8 -w 21 -N -4 -p 3,9.22
831,f27facbb16a3c8838c9721ffc3cfc5eebdaf32c5,0,sudo lrzip -l -L 8 -w 21 -N -4 -p 4,9.12
832,f27facbb16a3c8838c9721ffc3cfc5eebdaf32c5,0,sudo lrzip -l -L 8 -w 21 -N 4 -p 1,9.75
833,f27facbb16a3c8838c9721ffc3cfc5eebdaf32c5,0,sudo lrzip -l -L 8 -w 21 -N 4 -p 2,9.17
834,f27facbb16a3c8838c9721ffc3cfc5eebdaf32c5,0,sudo lrzip -l -L 8 -w 21 -N 4 -p 3,9.24
835,f27facbb16a3c8838c9721ffc3cfc5eebdaf32c5,0,sudo lrzip -l -L 8 -w 21 -N 4 -p 4,9.17
836,f27facbb16a3c8838c9721ffc3cfc5eebdaf32c5,0,sudo lrzip -l -L 8 -w 21 -N 12 -p 1,9.72
837,f27facbb16a3c8838c9721ffc3cfc5eebdaf32c5,0,sudo lrzip -l -L 8 -w 21 -N 12 -p 2,9.01
838,f27facbb16a3c8838c9721ffc3cfc5eebdaf32c5,0,sudo lrzip -l -L 8 -w 21 -N 12 -p 3,9.18
839,f27facbb16a3c8838c9721ffc3cfc5eebdaf32c5,0,sudo lrzip -l -L 8 -w 21 -N 12 -p 4,9.08
840,f27facbb16a3c8838c9721ffc3cfc5eebdaf32c5,0,sudo lrzip -l -L 8 -w 41 -N -20 -p 1,9.73
841,f27facbb16a3c8838c9721ffc3cfc5eebdaf32c5,0,sudo lrzip -l -L 8 -w 41 -N -20 -p 2,9.09
842,f27facbb16a3c8838c9721ffc3cfc5eebdaf32c5,0,sudo lrzip -l -L 8 -w 41 -N -20 -p 3,9.24
843,f27facbb16a3c8838c9721ffc3cfc5eebdaf32c5,0,sudo lrzip -l -L 8 -w 41 -N -20 -p 4,9.14
844,f27facbb16a3c8838c9721ffc3cfc5eebdaf32c5,0,sudo lrzip -l -L 8 -w 41 -N -12 -p 1,9.69
845,f27facbb16a3c8838c9721ffc3cfc5eebdaf32c5,0,sudo lrzip -l -L 8 -w 41 -N -12 -p 2,9.11
846,f27facbb16a3c8838c9721ffc3cfc5eebdaf32c5,0,sudo lrzip -l -L 8 -w 41 -N -12 -p 3,9.25
847,f27facbb16a3c8838c9721ffc3cfc5eebdaf32c5,0,sudo lrzip -l -L 8 -w 41 -N -12 -p 4,9.13
848,f27facbb16a3c8838c9721ffc3cfc5eebdaf32c5,0,sudo lrzip -l -L 8 -w 41 -N -4 -p 1,9.72
849,f27facbb16a3c8838c9721ffc3cfc5eebdaf32c5,0,sudo lrzip -l -L 8 -w 41 -N -4 -p 2,9.12
850,f27facbb16a3c8838c9721ffc3cfc5eebdaf32c5,0,sudo lrzip -l -L 8 -w 41 -N -4 -p 3,9.22
851,f27facbb16a3c8838c9721ffc3cfc5eebdaf32c5,0,sudo lrzip -l -L 8 -w 41 -N -4 -p 4,9.15
852,f27facbb16a3c8838c9721ffc3cfc5eebdaf32c5,0,sudo lrzip -l -L 8 -w 41 -N 4 -p 1,9.69
853,f27facbb16a3c8838c9721ffc3cfc5eebdaf32c5,0,sudo lrzip -l -L 8 -w 41 -N 4 -p 2,9.12
854,f27facbb16a3c8838c9721ffc3cfc5eebdaf32c5,0,sudo lrzip -l -L 8 -w 41 -N 4 -p 3,9.23
855,f27facbb16a3c8838c9721ffc3cfc5eebdaf32c5,0,sudo lrzip -l -L 8 -w 41 -N 4 -p 4,9.12
856,f27facbb16a3c8838c9721ffc3cfc5eebdaf32c5,0,sudo lrzip -l -L 8 -w 41 -N 12 -p 1,9.76
857,f27facbb16a3c8838c9721ffc3cfc5eebdaf32c5,0,sudo lrzip -l -L 8 -w 41 -N 12 -p 2,9.02
858,f27facbb16a3c8838c9721ffc3cfc5eebdaf32c5,0,sudo lrzip -l -L 8 -w 41 -N 12 -p 3,9.18
859,f27facbb16a3c8838c9721ffc3cfc5eebdaf32c5,0,sudo lrzip -l -L 8 -w 41 -N 12 -p 4,9.17
860,f27facbb16a3c8838c9721ffc3cfc5eebdaf32c5,0,sudo lrzip -l -L 8 -w 61 -N -20 -p 1,9.72
861,f27facbb16a3c8838c9721ffc3cfc5eebdaf32c5,0,sudo lrzip -l -L 8 -w 61 -N -20 -p 2,9.1
862,f27facbb16a3c8838c9721ffc3cfc5eebdaf32c5,0,sudo lrzip -l -L 8 -w 61 -N -20 -p 3,9.31
863,f27facbb16a3c8838c9721ffc3cfc5eebdaf32c5,0,sudo lrzip -l -L 8 -w 61 -N -20 -p 4,9.14
864,f27facbb16a3c8838c9721ffc3cfc5eebdaf32c5,0,sudo lrzip -l -L 8 -w 61 -N -12 -p 1,9.71
865,f27facbb16a3c8838c9721ffc3cfc5eebdaf32c5,0,sudo lrzip -l -L 8 -w 61 -N -12 -p 2,9.14
866,f27facbb16a3c8838c9721ffc3cfc5eebdaf32c5,0,sudo lrzip -l -L 8 -w 61 -N -12 -p 3,9.26
867,f27facbb16a3c8838c9721ffc3cfc5eebdaf32c5,0,sudo lrzip -l -L 8 -w 61 -N -12 -p 4,9.03
868,f27facbb16a3c8838c9721ffc3cfc5eebdaf32c5,0,sudo lrzip -l -L 8 -w 61 -N -4 -p 1,9.64
869,f27facbb16a3c8838c9721ffc3cfc5eebdaf32c5,0,sudo lrzip -l -L 8 -w 61 -N -4 -p 2,9.03
870,f27facbb16a3c8838c9721ffc3cfc5eebdaf32c5,0,sudo lrzip -l -L 8 -w 61 -N -4 -p 3,9.18
871,f27facbb16a3c8838c9721ffc3cfc5eebdaf32c5,0,sudo lrzip -l -L 8 -w 61 -N -4 -p 4,9.1
872,f27facbb16a3c8838c9721ffc3cfc5eebdaf32c5,0,sudo lrzip -l -L 8 -w 61 -N 4 -p 1,9.49
873,f27facbb16a3c8838c9721ffc3cfc5eebdaf32c5,0,sudo lrzip -l -L 8 -w 61 -N 4 -p 2,8.86
874,f27facbb16a3c8838c9721ffc3cfc5eebdaf32c5,0,sudo lrzip -l -L 8 -w 61 -N 4 -p 3,8.81
875,f27facbb16a3c8838c9721ffc3cfc5eebdaf32c5,0,sudo lrzip -l -L 8 -w 61 -N 4 -p 4,8.87
876,f27facbb16a3c8838c9721ffc3cfc5eebdaf32c5,0,sudo lrzip -l -L 8 -w 61 -N 12 -p 1,9.44
877,f27facbb16a3c8838c9721ffc3cfc5eebdaf32c5,0,sudo lrzip -l -L 8 -w 61 -N 12 -p 2,8.78
878,f27facbb16a3c8838c9721ffc3cfc5eebdaf32c5,0,sudo lrzip -l -L 8 -w 61 -N 12 -p 3,8.96
879,f27facbb16a3c8838c9721ffc3cfc5eebdaf32c5,0,sudo lrzip -l -L 8 -w 61 -N 12 -p 4,8.86
880,f27facbb16a3c8838c9721ffc3cfc5eebdaf32c5,0,sudo lrzip -l -L 8 -w 81 -N -20 -p 1,9.46
881,f27facbb16a3c8838c9721ffc3cfc5eebdaf32c5,0,sudo lrzip -l -L 8 -w 81 -N -20 -p 2,8.97
882,f27facbb16a3c8838c9721ffc3cfc5eebdaf32c5,0,sudo lrzip -l -L 8 -w 81 -N -20 -p 3,8.99
883,f27facbb16a3c8838c9721ffc3cfc5eebdaf32c5,0,sudo lrzip -l -L 8 -w 81 -N -20 -p 4,8.99
884,f27facbb16a3c8838c9721ffc3cfc5eebdaf32c5,0,sudo lrzip -l -L 8 -w 81 -N -12 -p 1,9.39
885,f27facbb16a3c8838c9721ffc3cfc5eebdaf32c5,0,sudo lrzip -l -L 8 -w 81 -N -12 -p 2,8.98
886,f27facbb16a3c8838c9721ffc3cfc5eebdaf32c5,0,sudo lrzip -l -L 8 -w 81 -N -12 -p 3,9.16
887,f27facbb16a3c8838c9721ffc3cfc5eebdaf32c5,0,sudo lrzip -l -L 8 -w 81 -N -12 -p 4,9.14
888,f27facbb16a3c8838c9721ffc3cfc5eebdaf32c5,0,sudo lrzip -l -L 8 -w 81 -N -4 -p 1,9.7
889,f27facbb16a3c8838c9721ffc3cfc5eebdaf32c5,0,sudo lrzip -l -L 8 -w 81 -N -4 -p 2,9.06
890,f27facbb16a3c8838c9721ffc3cfc5eebdaf32c5,0,sudo lrzip -l -L 8 -w 81 -N -4 -p 3,9.17
891,f27facbb16a3c8838c9721ffc3cfc5eebdaf32c5,0,sudo lrzip -l -L 8 -w 81 -N -4 -p 4,9.09
892,f27facbb16a3c8838c9721ffc3cfc5eebdaf32c5,0,sudo lrzip -l -L 8 -w 81 -N 4 -p 1,9.68
893,f27facbb16a3c8838c9721ffc3cfc5eebdaf32c5,0,sudo lrzip -l -L 8 -w 81 -N 4 -p 2,9.07
894,f27facbb16a3c8838c9721ffc3cfc5eebdaf32c5,0,sudo lrzip -l -L 8 -w 81 -N 4 -p 3,9.22
895,f27facbb16a3c8838c9721ffc3cfc5eebdaf32c5,0,sudo lrzip -l -L 8 -w 81 -N 4 -p 4,9.14
896,f27facbb16a3c8838c9721ffc3cfc5eebdaf32c5,0,sudo lrzip -l -L 8 -w 81 -N 12 -p 1,9.71
897,f27facbb16a3c8838c9721ffc3cfc5eebdaf32c5,0,sudo lrzip -l -L 8 -w 81 -N 12 -p 2,9.09
898,f27facbb16a3c8838c9721ffc3cfc5eebdaf32c5,0,sudo lrzip -l -L 8 -w 81 -N 12 -p 3,9.22
899,f27facbb16a3c8838c9721ffc3cfc5eebdaf32c5,0,sudo lrzip -l -L 8 -w 81 -N 12 -p 4,9.05
900,f27facbb16a3c8838c9721ffc3cfc5eebdaf32c5,0,sudo lrzip -l -L 9 -w 1 -N -20 -p 1,21.33
901,f27facbb16a3c8838c9721ffc3cfc5eebdaf32c5,0,sudo lrzip -l -L 9 -w 1 -N -20 -p 2,21.12
902,f27facbb16a3c8838c9721ffc3cfc5eebdaf32c5,0,sudo lrzip -l -L 9 -w 1 -N -20 -p 3,21.26
903,f27facbb16a3c8838c9721ffc3cfc5eebdaf32c5,0,sudo lrzip -l -L 9 -w 1 -N -20 -p 4,21.16
904,f27facbb16a3c8838c9721ffc3cfc5eebdaf32c5,0,sudo lrzip -l -L 9 -w 1 -N -12 -p 1,21.43
905,f27facbb16a3c8838c9721ffc3cfc5eebdaf32c5,0,sudo lrzip -l -L 9 -w 1 -N -12 -p 2,21.34
906,f27facbb16a3c8838c9721ffc3cfc5eebdaf32c5,0,sudo lrzip -l -L 9 -w 1 -N -12 -p 3,20.96
907,f27facbb16a3c8838c9721ffc3cfc5eebdaf32c5,0,sudo lrzip -l -L 9 -w 1 -N -12 -p 4,20.49
908,f27facbb16a3c8838c9721ffc3cfc5eebdaf32c5,0,sudo lrzip -l -L 9 -w 1 -N -4 -p 1,20.49
909,f27facbb16a3c8838c9721ffc3cfc5eebdaf32c5,0,sudo lrzip -l -L 9 -w 1 -N -4 -p 2,20.63
910,f27facbb16a3c8838c9721ffc3cfc5eebdaf32c5,0,sudo lrzip -l -L 9 -w 1 -N -4 -p 3,20.27
911,f27facbb16a3c8838c9721ffc3cfc5eebdaf32c5,0,sudo lrzip -l -L 9 -w 1 -N -4 -p 4,20.4
912,f27facbb16a3c8838c9721ffc3cfc5eebdaf32c5,0,sudo lrzip -l -L 9 -w 1 -N 4 -p 1,20.56
913,f27facbb16a3c8838c9721ffc3cfc5eebdaf32c5,0,sudo lrzip -l -L 9 -w 1 -N 4 -p 2,20.67
914,f27facbb16a3c8838c9721ffc3cfc5eebdaf32c5,0,sudo lrzip -l -L 9 -w 1 -N 4 -p 3,20.93
915,f27facbb16a3c8838c9721ffc3cfc5eebdaf32c5,0,sudo lrzip -l -L 9 -w 1 -N 4 -p 4,20.91
916,f27facbb16a3c8838c9721ffc3cfc5eebdaf32c5,0,sudo lrzip -l -L 9 -w 1 -N 12 -p 1,21.18
917,f27facbb16a3c8838c9721ffc3cfc5eebdaf32c5,0,sudo lrzip -l -L 9 -w 1 -N 12 -p 2,20.63
918,f27facbb16a3c8838c9721ffc3cfc5eebdaf32c5,0,sudo lrzip -l -L 9 -w 1 -N 12 -p 3,20.88
919,f27facbb16a3c8838c9721ffc3cfc5eebdaf32c5,0,sudo lrzip -l -L 9 -w 1 -N 12 -p 4,20.83
920,f27facbb16a3c8838c9721ffc3cfc5eebdaf32c5,0,sudo lrzip -l -L 9 -w 21 -N -20 -p 1,11.73
921,f27facbb16a3c8838c9721ffc3cfc5eebdaf32c5,0,sudo lrzip -l -L 9 -w 21 -N -20 -p 2,11.09
922,f27facbb16a3c8838c9721ffc3cfc5eebdaf32c5,0,sudo lrzip -l -L 9 -w 21 -N -20 -p 3,11.19
923,f27facbb16a3c8838c9721ffc3cfc5eebdaf32c5,0,sudo lrzip -l -L 9 -w 21 -N -20 -p 4,11.05
924,f27facbb16a3c8838c9721ffc3cfc5eebdaf32c5,0,sudo lrzip -l -L 9 -w 21 -N -12 -p 1,11.65
925,f27facbb16a3c8838c9721ffc3cfc5eebdaf32c5,0,sudo lrzip -l -L 9 -w 21 -N -12 -p 2,11.03
926,f27facbb16a3c8838c9721ffc3cfc5eebdaf32c5,0,sudo lrzip -l -L 9 -w 21 -N -12 -p 3,12.45
927,f27facbb16a3c8838c9721ffc3cfc5eebdaf32c5,0,sudo lrzip -l -L 9 -w 21 -N -12 -p 4,11.19
928,f27facbb16a3c8838c9721ffc3cfc5eebdaf32c5,0,sudo lrzip -l -L 9 -w 21 -N -4 -p 1,11.79
929,f27facbb16a3c8838c9721ffc3cfc5eebdaf32c5,0,sudo lrzip -l -L 9 -w 21 -N -4 -p 2,11.2
930,f27facbb16a3c8838c9721ffc3cfc5eebdaf32c5,0,sudo lrzip -l -L 9 -w 21 -N -4 -p 3,11.3
931,f27facbb16a3c8838c9721ffc3cfc5eebdaf32c5,0,sudo lrzip -l -L 9 -w 21 -N -4 -p 4,11.16
932,f27facbb16a3c8838c9721ffc3cfc5eebdaf32c5,0,sudo lrzip -l -L 9 -w 21 -N 4 -p 1,11.77
933,f27facbb16a3c8838c9721ffc3cfc5eebdaf32c5,0,sudo lrzip -l -L 9 -w 21 -N 4 -p 2,11.18
934,f27facbb16a3c8838c9721ffc3cfc5eebdaf32c5,0,sudo lrzip -l -L 9 -w 21 -N 4 -p 3,11.23
935,f27facbb16a3c8838c9721ffc3cfc5eebdaf32c5,0,sudo lrzip -l -L 9 -w 21 -N 4 -p 4,11.17
936,f27facbb16a3c8838c9721ffc3cfc5eebdaf32c5,0,sudo lrzip -l -L 9 -w 21 -N 12 -p 1,11.77
937,f27facbb16a3c8838c9721ffc3cfc5eebdaf32c5,0,sudo lrzip -l -L 9 -w 21 -N 12 -p 2,11.14
938,f27facbb16a3c8838c9721ffc3cfc5eebdaf32c5,0,sudo lrzip -l -L 9 -w 21 -N 12 -p 3,11.26
939,f27facbb16a3c8838c9721ffc3cfc5eebdaf32c5,0,sudo lrzip -l -L 9 -w 21 -N 12 -p 4,11.2
940,f27facbb16a3c8838c9721ffc3cfc5eebdaf32c5,0,sudo lrzip -l -L 9 -w 41 -N -20 -p 1,11.8
941,f27facbb16a3c8838c9721ffc3cfc5eebdaf32c5,0,sudo lrzip -l -L 9 -w 41 -N -20 -p 2,11.14
942,f27facbb16a3c8838c9721ffc3cfc5eebdaf32c5,0,sudo lrzip -l -L 9 -w 41 -N -20 -p 3,11.3
943,f27facbb16a3c8838c9721ffc3cfc5eebdaf32c5,0,sudo lrzip -l -L 9 -w 41 -N -20 -p 4,11.14
944,f27facbb16a3c8838c9721ffc3cfc5eebdaf32c5,0,sudo lrzip -l -L 9 -w 41 -N -12 -p 1,11.8
945,f27facbb16a3c8838c9721ffc3cfc5eebdaf32c5,0,sudo lrzip -l -L 9 -w 41 -N -12 -p 2,11.18
946,f27facbb16a3c8838c9721ffc3cfc5eebdaf32c5,0,sudo lrzip -l -L 9 -w 41 -N -12 -p 3,11.29
947,f27facbb16a3c8838c9721ffc3cfc5eebdaf32c5,0,sudo lrzip -l -L 9 -w 41 -N -12 -p 4,11.19
948,f27facbb16a3c8838c9721ffc3cfc5eebdaf32c5,0,sudo lrzip -l -L 9 -w 41 -N -4 -p 1,11.9
949,f27facbb16a3c8838c9721ffc3cfc5eebdaf32c5,0,sudo lrzip -l -L 9 -w 41 -N -4 -p 2,11.18
950,f27facbb16a3c8838c9721ffc3cfc5eebdaf32c5,0,sudo lrzip -l -L 9 -w 41 -N -4 -p 3,11.29
951,f27facbb16a3c8838c9721ffc3cfc5eebdaf32c5,0,sudo lrzip -l -L 9 -w 41 -N -4 -p 4,11.23
952,f27facbb16a3c8838c9721ffc3cfc5eebdaf32c5,0,sudo lrzip -l -L 9 -w 41 -N 4 -p 1,11.79
953,f27facbb16a3c8838c9721ffc3cfc5eebdaf32c5,0,sudo lrzip -l -L 9 -w 41 -N 4 -p 2,11.15
954,f27facbb16a3c8838c9721ffc3cfc5eebdaf32c5,0,sudo lrzip -l -L 9 -w 41 -N 4 -p 3,11.35
955,f27facbb16a3c8838c9721ffc3cfc5eebdaf32c5,0,sudo lrzip -l -L 9 -w 41 -N 4 -p 4,11.21
956,f27facbb16a3c8838c9721ffc3cfc5eebdaf32c5,0,sudo lrzip -l -L 9 -w 41 -N 12 -p 1,11.85
957,f27facbb16a3c8838c9721ffc3cfc5eebdaf32c5,0,sudo lrzip -l -L 9 -w 41 -N 12 -p 2,11.12
958,f27facbb16a3c8838c9721ffc3cfc5eebdaf32c5,0,sudo lrzip -l -L 9 -w 41 -N 12 -p 3,11.38
959,f27facbb16a3c8838c9721ffc3cfc5eebdaf32c5,0,sudo lrzip -l -L 9 -w 41 -N 12 -p 4,11.22
960,f27facbb16a3c8838c9721ffc3cfc5eebdaf32c5,0,sudo lrzip -l -L 9 -w 61 -N -20 -p 1,11.86
961,f27facbb16a3c8838c9721ffc3cfc5eebdaf32c5,0,sudo lrzip -l -L 9 -w 61 -N -20 -p 2,11.19
962,f27facbb16a3c8838c9721ffc3cfc5eebdaf32c5,0,sudo lrzip -l -L 9 -w 61 -N -20 -p 3,11.29
963,f27facbb16a3c8838c9721ffc3cfc5eebdaf32c5,0,sudo lrzip -l -L 9 -w 61 -N -20 -p 4,11.17
964,f27facbb16a3c8838c9721ffc3cfc5eebdaf32c5,0,sudo lrzip -l -L 9 -w 61 -N -12 -p 1,11.82
965,f27facbb16a3c8838c9721ffc3cfc5eebdaf32c5,0,sudo lrzip -l -L 9 -w 61 -N -12 -p 2,11.25
966,f27facbb16a3c8838c9721ffc3cfc5eebdaf32c5,0,sudo lrzip -l -L 9 -w 61 -N -12 -p 3,11.34
967,f27facbb16a3c8838c9721ffc3cfc5eebdaf32c5,0,sudo lrzip -l -L 9 -w 61 -N -12 -p 4,11.29
968,f27facbb16a3c8838c9721ffc3cfc5eebdaf32c5,0,sudo lrzip -l -L 9 -w 61 -N -4 -p 1,11.87
969,f27facbb16a3c8838c9721ffc3cfc5eebdaf32c5,0,sudo lrzip -l -L 9 -w 61 -N -4 -p 2,11.22
970,f27facbb16a3c8838c9721ffc3cfc5eebdaf32c5,0,sudo lrzip -l -L 9 -w 61 -N -4 -p 3,11.31
971,f27facbb16a3c8838c9721ffc3cfc5eebdaf32c5,0,sudo lrzip -l -L 9 -w 61 -N -4 -p 4,11.26
972,f27facbb16a3c8838c9721ffc3cfc5eebdaf32c5,0,sudo lrzip -l -L 9 -w 61 -N 4 -p 1,11.79
973,f27facbb16a3c8838c9721ffc3cfc5eebdaf32c5,0,sudo lrzip -l -L 9 -w 61 -N 4 -p 2,11.15
974,f27facbb16a3c8838c9721ffc3cfc5eebdaf32c5,0,sudo lrzip -l -L 9 -w 61 -N 4 -p 3,11.34
975,f27facbb16a3c8838c9721ffc3cfc5eebdaf32c5,0,sudo lrzip -l -L 9 -w 61 -N 4 -p 4,11.2
976,f27facbb16a3c8838c9721ffc3cfc5eebdaf32c5,0,sudo lrzip -l -L 9 -w 61 -N 12 -p 1,11.83
977,f27facbb16a3c8838c9721ffc3cfc5eebdaf32c5,0,sudo lrzip -l -L 9 -w 61 -N 12 -p 2,11.07
978,f27facbb16a3c8838c9721ffc3cfc5eebdaf32c5,0,sudo lrzip -l -L 9 -w 61 -N 12 -p 3,11.25
979,f27facbb16a3c8838c9721ffc3cfc5eebdaf32c5,0,sudo lrzip -l -L 9 -w 61 -N 12 -p 4,11.14
980,f27facbb16a3c8838c9721ffc3cfc5eebdaf32c5,0,sudo lrzip -l -L 9 -w 81 -N -20 -p 1,13.08
981,f27facbb16a3c8838c9721ffc3cfc5eebdaf32c5,0,sudo lrzip -l -L 9 -w 81 -N -20 -p 2,11.18
982,f27facbb16a3c8838c9721ffc3cfc5eebdaf32c5,0,sudo lrzip -l -L 9 -w 81 -N -20 -p 3,11.27
983,f27facbb16a3c8838c9721ffc3cfc5eebdaf32c5,0,sudo lrzip -l -L 9 -w 81 -N -20 -p 4,11.22
984,f27facbb16a3c8838c9721ffc3cfc5eebdaf32c5,0,sudo lrzip -l -L 9 -w 81 -N -12 -p 1,11.82
985,f27facbb16a3c8838c9721ffc3cfc5eebdaf32c5,0,sudo lrzip -l -L 9 -w 81 -N -12 -p 2,11.15
986,f27facbb16a3c8838c9721ffc3cfc5eebdaf32c5,0,sudo lrzip -l -L 9 -w 81 -N -12 -p 3,11.37
987,f27facbb16a3c8838c9721ffc3cfc5eebdaf32c5,0,sudo lrzip -l -L 9 -w 81 -N -12 -p 4,11.23
988,f27facbb16a3c8838c9721ffc3cfc5eebdaf32c5,0,sudo lrzip -l -L 9 -w 81 -N -4 -p 1,11.76
989,f27facbb16a3c8838c9721ffc3cfc5eebdaf32c5,0,sudo lrzip -l -L 9 -w 81 -N -4 -p 2,11.16
990,f27facbb16a3c8838c9721ffc3cfc5eebdaf32c5,0,sudo lrzip -l -L 9 -w 81 -N -4 -p 3,11.27
991,f27facbb16a3c8838c9721ffc3cfc5eebdaf32c5,0,sudo lrzip -l -L 9 -w 81 -N -4 -p 4,11.22
992,f27facbb16a3c8838c9721ffc3cfc5eebdaf32c5,0,sudo lrzip -l -L 9 -w 81 -N 4 -p 1,11.77
993,f27facbb16a3c8838c9721ffc3cfc5eebdaf32c5,0,sudo lrzip -l -L 9 -w 81 -N 4 -p 2,11.18
994,f27facbb16a3c8838c9721ffc3cfc5eebdaf32c5,0,sudo lrzip -l -L 9 -w 81 -N 4 -p 3,11.36
995,f27facbb16a3c8838c9721ffc3cfc5eebdaf32c5,0,sudo lrzip -l -L 9 -w 81 -N 4 -p 4,11.17
996,f27facbb16a3c8838c9721ffc3cfc5eebdaf32c5,0,sudo lrzip -l -L 9 -w 81 -N 12 -p 1,11.81
997,f27facbb16a3c8838c9721ffc3cfc5eebdaf32c5,0,sudo lrzip -l -L 9 -w 81 -N 12 -p 2,11.12
998,f27facbb16a3c8838c9721ffc3cfc5eebdaf32c5,0,sudo lrzip -l -L 9 -w 81 -N 12 -p 3,11.27
999,f27facbb16a3c8838c9721ffc3cfc5eebdaf32c5,0,sudo lrzip -l -L 9 -w 81 -N 12 -p 4,11.17
